Family,TAXON,European category,European criteria,"EU 27
regional category",EU 27 regional criteria,Endemic to Europe,Endemic to EU 27
Andrenidae,Andrena abbreviata,LC,,LC,,,
Andrenidae,Andrena aberrans,VU,B2ab(iii),VU,B2ab(iii),,
Andrenidae,Andrena abjecta,DD,,DD,,,
Andrenidae,Andrena abrupta,LC,,LC,,,
Andrenidae,Andrena acerba,DD,,DD,,,
Andrenidae,Andrena aciculata,DD,,DD,,,
Andrenidae,Andrena acuta,LC,,LC,,Yes,Yes
Andrenidae,Andrena aegyptiaca,LC,,LC,,,
Andrenidae,Andrena aegypticola,NT,B2b(iii),NT,B2b(iii),,
Andrenidae,Andrena aeneiventris,LC,,LC,,,
Andrenidae,Andrena aerinifrons,LC,,LC,,,
Andrenidae,Andrena afrensis,LC,,LC,,Yes,
Andrenidae,Andrena afzeliella,LC,,LC,,,
Andrenidae,Andrena agilissima,LC,,LC,,,
Andrenidae,Andrena agnata,DD,,DD,,,
Andrenidae,Andrena albopunctata,LC,,LC,,,
Andrenidae,Andrena alfkenella,LC,,LC,,,
Andrenidae,Andrena alfkenelloides,LC,,LC,,,
Andrenidae,Andrena allosa,NT,B2b(iii),NT,B2b(iii),Yes,
Andrenidae,Andrena alluaudi,LC,,LC,,,
Andrenidae,Andrena alma,LC,,LC,,Yes,Yes
Andrenidae,Andrena alutacea,LC,,LC,,,
Andrenidae,Andrena amieti,LC,,LC,,,
Andrenidae,Andrena ampla,LC,,LC,,,
Andrenidae,Andrena anatolica,LC,,LC,,,
Andrenidae,Andrena angustior,LC,,LC,,Yes,
Andrenidae,Andrena anthrisci,LC,,LC,,Yes,
Andrenidae,Andrena antigana,LC,,LC,,,
Andrenidae,Andrena antonellae,DD,,DD,,Yes,Yes
Andrenidae,Andrena apicata,LC,,LC,,,
Andrenidae,Andrena apiformis,DD,,DD,,,
Andrenidae,Andrena argentata,LC,,LC,,,
Andrenidae,Andrena asiatica,NA,,NA,,,
Andrenidae,Andrena asperrima,LC,,LC,,,
Andrenidae,Andrena asperula,DD,,,,,
Andrenidae,Andrena assimilis,LC,,LC,,,
Andrenidae,Andrena astica,LC,,LC,,,
Andrenidae,Andrena athenensis,LC,,LC,,,
Andrenidae,Andrena atrata,DD,,DD,,,
Andrenidae,Andrena atrotegularis,DD,,DD,,,
Andrenidae,Andrena avara,DD,,DD,,,
Andrenidae,Andrena baetica,LC,,LC,,Yes,Yes
Andrenidae,Andrena barbareae,LC,,LC,,,
Andrenidae,Andrena barbilabris,LC,,LC,,,
Andrenidae,Andrena batava,LC,,LC,,Yes,
Andrenidae,Andrena bayona,LC,,LC,,Yes,Yes
Andrenidae,Andrena bellidis,LC,,LC,,,
Andrenidae,Andrena benoisti,LC,,LC,,Yes,Yes
Andrenidae,Andrena biarmica,DD,,DD,,,
Andrenidae,Andrena bicolor,LC,,LC,,,
Andrenidae,Andrena bicolorata,LC,,LC,,,
Andrenidae,Andrena biguttata,LC,,LC,,,
Andrenidae,Andrena bimaculata,LC,,LC,,,
Andrenidae,Andrena binominata,LC,,LC,,,
Andrenidae,Andrena bisulcata,LC,,LC,,,
Andrenidae,Andrena blanda,LC,,LC,,,
Andrenidae,Andrena boyerella,CR,D,CR,D,,
Andrenidae,Andrena braunsiana,DD,,DD,,,
Andrenidae,Andrena brumanensis,LC,,LC,,,
Andrenidae,Andrena bucephala,LC,,LC,,Yes,
Andrenidae,Andrena caneae,LC,,LC,,,
Andrenidae,Andrena canohirta,LC,,LC,,,
Andrenidae,Andrena cantiaca,DD,,DD,,,
Andrenidae,Andrena capillosa,DD,,,,,
Andrenidae,Andrena caprimulga,DD,,,,,
Andrenidae,Andrena catula,LC,,LC,,Yes,Yes
Andrenidae,Andrena cervina,LC,,LC,,,
Andrenidae,Andrena chaetogastra,CR,D,CR,D,Yes,Yes
Andrenidae,Andrena chalcogastra,NT,B1ab(iii)+2ab(iii),NT,B1ab(iii)+2ab(iii),Yes,Yes
Andrenidae,Andrena chelma,CR,D,CR,D,Yes,Yes
Andrenidae,Andrena chersona,EN,"B2ab(ii,iii,v)",,,,
Andrenidae,Andrena chrysopus,NT,B2b(iii),NT,B2b(iii),,
Andrenidae,Andrena chrysopyga,DD,,DD,,,
Andrenidae,Andrena chrysosceles,LC,,LC,,,
Andrenidae,Andrena cilissaeformis,LC,,LC,,,
Andrenidae,Andrena cineraria,LC,,LC,,,
Andrenidae,Andrena cinerea,LC,,LC,,,
Andrenidae,Andrena cinereophila,LC,,LC,,,
Andrenidae,Andrena clarkella,LC,,LC,,,
Andrenidae,Andrena clusia,CR,B2ab(iii),CR,B2ab(iii),,
Andrenidae,Andrena clypella,LC,,LC,,,
Andrenidae,Andrena coitana,LC,,LC,,,
Andrenidae,Andrena colletiformis,LC,,LC,,,
Andrenidae,Andrena combaella,LC,,LC,,,
Andrenidae,Andrena combinata,LC,,LC,,,
Andrenidae,Andrena compta,NT,"B2b(ii,iii)",NT,"B2b(ii,iii)",,
Andrenidae,Andrena comta,EN,"B2ab(iii,v)",CR,"B2ab(iii,v)",,
Andrenidae,Andrena concinna,LC,,LC,,Yes,
Andrenidae,Andrena confinis,LC,,LC,,,
Andrenidae,Andrena congruens,LC,,LC,,,
Andrenidae,Andrena contracta,NT,B2a,NT,B2a,Yes,Yes
Andrenidae,Andrena corax,LC,,LC,,Yes,Yes
Andrenidae,Andrena cordialis,LC,,LC,,,
Andrenidae,Andrena crassana,LC,,LC,,,
Andrenidae,Andrena crecca,LC,,LC,,,
Andrenidae,Andrena crepidis,LC,,LC,,Yes,Yes
Andrenidae,Andrena croatica,DD,,DD,,Yes,Yes
Andrenidae,Andrena croceiventris,NT,B2b(v),NT,B2b(v),Yes,Yes
Andrenidae,Andrena curiosa,NA,,NA,,,
Andrenidae,Andrena curtivalvis,NA,,NA,,,
Andrenidae,Andrena curvana,LC,,LC,,,
Andrenidae,Andrena curvungula,LC,,LC,,,
Andrenidae,Andrena cussariensis,NA,,,,,
Andrenidae,Andrena cyanomicans,LC,,LC,,Yes,Yes
Andrenidae,Andrena cypria,NT,B2b(iii),NT,B2b(iii),,
Andrenidae,Andrena damara,DD,,DD,,Yes,Yes
Andrenidae,Andrena danuvia,LC,,LC,,,
Andrenidae,Andrena dargia,DD,,DD,,,
Andrenidae,Andrena decipiens,LC,,LC,,,
Andrenidae,Andrena delphiensis,NT,B2b(iii),NT,B2b(iii),,
Andrenidae,Andrena denticulata,LC,,LC,,,
Andrenidae,Andrena dentiventris,NA,,,,,
Andrenidae,Andrena derbentina,NA,,NA,,,
Andrenidae,Andrena dinizi,LC,,LC,,Yes,Yes
Andrenidae,Andrena discors,LC,,LC,,,
Andrenidae,Andrena distinguenda,LC,,LC,,,
Andrenidae,Andrena djelfensis,LC,,LC,,,
Andrenidae,Andrena donata,LC,,LC,,Yes,Yes
Andrenidae,Andrena dorsalis,LC,,LC,,,
Andrenidae,Andrena dorsata,LC,,LC,,,
Andrenidae,Andrena dourada,NT,B2b(iii),NT,B2b(iii),Yes,Yes
Andrenidae,Andrena doursana,LC,,LC,,,
Andrenidae,Andrena dubiosa,NT,D2,NT,D2,,
Andrenidae,Andrena ebmerella,DD,,DD,,,
Andrenidae,Andrena ehnbergi,NA,,,,,
Andrenidae,Andrena elata,LC,,LC,,Yes,Yes
Andrenidae,Andrena elegans,NT,B2b(iii),NT,B2b(iii),,
Andrenidae,Andrena elmaria,LC,,LC,,,
Andrenidae,Andrena enslinella,NT,B2b(ii),NT,B2b(ii),,
Andrenidae,Andrena erberi,LC,,LC,,,
Andrenidae,Andrena erodiorum,DD,,DD,,Yes,Yes
Andrenidae,Andrena eversmanniana,DD,,,,,
Andrenidae,Andrena exigua,DD,,DD,,,
Andrenidae,Andrena exquisita,LC,,LC,,,
Andrenidae,Andrena fabrella,LC,,LC,,,
Andrenidae,Andrena falcinella,DD,,DD,,,
Andrenidae,Andrena fallax,NT,"B2b(i,ii)",NT,B2b(iii),,
Andrenidae,Andrena falsifica,LC,,LC,,,
Andrenidae,Andrena farinosa,LC,,LC,,Yes,Yes
Andrenidae,Andrena ferox,LC,,LC,,,
Andrenidae,Andrena ferrugineicrus,LC,,LC,,,
Andrenidae,Andrena fertoni,LC,,LC,,,
Andrenidae,Andrena figurata,LC,,NT,"B2b(ii,iii)",,
Andrenidae,Andrena fimbriata,LC,,LC,,Yes,
Andrenidae,Andrena flavilabris,DD,,DD,,,
Andrenidae,Andrena flavipes,LC,,LC,,,
Andrenidae,Andrena flavobila,EN,B2ab(iii),EN,B2ab(iii),,
Andrenidae,Andrena florea,LC,,LC,,,
Andrenidae,Andrena florentina,LC,,LC,,,
Andrenidae,Andrena floricola,LC,,LC,,,
Andrenidae,Andrena florivaga,LC,,LC,,,
Andrenidae,Andrena foeniculae,LC,,LC,,Yes,Yes
Andrenidae,Andrena forsterella,LC,,LC,,,
Andrenidae,Andrena fortipunctata,NT,B2a,NT,B2a,Yes,Yes
Andrenidae,Andrena freygessneri,NT,B2b(iii),NT,B2ab(iii),Yes,
Andrenidae,Andrena fria,LC,,LC,,Yes,Yes
Andrenidae,Andrena fucata,LC,,LC,,,
Andrenidae,Andrena fulica,LC,,LC,,,
Andrenidae,Andrena fuliginata,NA,,NA,,,
Andrenidae,Andrena fuligula,NA,,NA,,,
Andrenidae,Andrena fulva,LC,,LC,,,
Andrenidae,Andrena fulvago,LC,,LC,,,
Andrenidae,Andrena fulvata,LC,,LC,,Yes,
Andrenidae,Andrena fulvicornis,LC,,LC,,,
Andrenidae,Andrena fulvida,LC,,LC,,,
Andrenidae,Andrena fulvitarsis,LC,,LC,,,
Andrenidae,Andrena fumida,LC,,LC,,,
Andrenidae,Andrena funerea,LC,,LC,,Yes,Yes
Andrenidae,Andrena fuscipes,LC,,LC,,,
Andrenidae,Andrena fuscocalcarata,NA,,NA,,,
Andrenidae,Andrena fuscosa,LC,,LC,,,
Andrenidae,Andrena gades,DD,,DD,,Yes,Yes
Andrenidae,Andrena gamskrucki,DD,,DD,,,
Andrenidae,Andrena garrula,NA,,NA,,,
Andrenidae,Andrena gelriae,VU,B2ab(iii),VU,B2ab(iii),Yes,
Andrenidae,Andrena ghisbaini,DD,,DD,,Yes,Yes
Andrenidae,Andrena glandaria,DD,,DD,,,
Andrenidae,Andrena glidia,DD,,DD,,,
Andrenidae,Andrena gomerensis,LC,,LC,,Yes,Yes
Andrenidae,Andrena gordia,DD,,DD,,,
Andrenidae,Andrena graciliata,DD,,DD,,Yes,Yes
Andrenidae,Andrena graecella,DD,,DD,,Yes,
Andrenidae,Andrena grandilabris,NA,,NA,,,
Andrenidae,Andrena granulosa,LC,,LC,,,
Andrenidae,Andrena gravida,LC,,LC,,,
Andrenidae,Andrena gredana,LC,,LC,,Yes,Yes
Andrenidae,Andrena griseobalteata,LC,,LC,,,
Andrenidae,Andrena grossella,LC,,LC,,Yes,Yes
Andrenidae,Andrena grozdanici,DD,,,,Yes,
Andrenidae,Andrena haemorrhoa,LC,,LC,,,
Andrenidae,Andrena hattorfiana,LC,,LC,,,
Andrenidae,Andrena hebescens,DD,,DD,,,
Andrenidae,Andrena hedikae,LC,,LC,,,
Andrenidae,Andrena heinrichi,CR,B2ab(iii),CR,B2ab(iii),,
Andrenidae,Andrena helenica,LC,,LC,,Yes,Yes
Andrenidae,Andrena helvola,LC,,LC,,,
Andrenidae,Andrena henotica,NA,,NA,,,
Andrenidae,Andrena hesperia,LC,,LC,,,
Andrenidae,Andrena heterodoxa,CR,D,CR,D,Yes,Yes
Andrenidae,Andrena hillana,DD,,DD,,Yes,Yes
Andrenidae,Andrena humabilis,DD,,DD,,,
Andrenidae,Andrena humilis,LC,,LC,,,
Andrenidae,Andrena hungarica,CR,D,CR,D,,
Andrenidae,Andrena hyacinthina,LC,,LC,,,
Andrenidae,Andrena hybrida,LC,,,,,
Andrenidae,Andrena hyemala,LC,,LC,,,
Andrenidae,Andrena hypopolia,LC,,LC,,,
Andrenidae,Andrena hystrix,LC,,LC,,,
Andrenidae,Andrena icterina,LC,,LC,,,
Andrenidae,Andrena illyrica,DD,,DD,,Yes,
Andrenidae,Andrena impunctata,LC,,LC,,,
Andrenidae,Andrena incisa,CR,D,CR,D,,
Andrenidae,Andrena inconstans,NT,B2a,NT,B2a,,
Andrenidae,Andrena intermedia,LC,,LC,,,
Andrenidae,Andrena isis,NA,,NA,,,
Andrenidae,Andrena isolata,VU,D2,VU,D2,Yes,Yes
Andrenidae,Andrena juliae,DD,,DD,,Yes,Yes
Andrenidae,Andrena juliana,NT,B2ab(iii),NT,B2ab(iii),Yes,Yes
Andrenidae,Andrena kamarti,DD,,DD,,,
Andrenidae,Andrena kocoureki,DD,,DD,,Yes,Yes
Andrenidae,Andrena korleviciana,LC,,LC,,Yes,Yes
Andrenidae,Andrena kornosica,LC,,LC,,Yes,Yes
Andrenidae,Andrena kriechbaumeri,LC,,LC,,,
Andrenidae,Andrena labialis,LC,,LC,,,
Andrenidae,Andrena labiata,LC,,LC,,,
Andrenidae,Andrena labiatula,CR,B1ab(iii)+2ab(iii),,,Yes,
Andrenidae,Andrena laevicorpus,LC,,LC,,Yes,Yes
Andrenidae,Andrena lagopus,LC,,LC,,,
Andrenidae,Andrena lamiana,LC,,LC,,,
Andrenidae,Andrena langadensis,LC,,LC,,,
Andrenidae,Andrena lapponica,LC,,LC,,,
Andrenidae,Andrena larisana,LC,,LC,,,
Andrenidae,Andrena lateralis,LC,,LC,,,
Andrenidae,Andrena lathyri,LC,,LC,,,
Andrenidae,Andrena laurivora,DD,,DD,,,
Andrenidae,Andrena lavandulae,LC,,LC,,,
Andrenidae,Andrena lecana,LC,,LC,,Yes,Yes
Andrenidae,Andrena lepida,LC,,LC,,,
Andrenidae,Andrena leptopyga,LC,,LC,,,
Andrenidae,Andrena leucolippa,LC,,LC,,Yes,Yes
Andrenidae,Andrena leucophaea,DD,,DD,,,
Andrenidae,Andrena leucopsis,LC,,LC,,,
Andrenidae,Andrena levante,LC,,LC,,Yes,Yes
Andrenidae,Andrena limassolica,LC,,LC,,,
Andrenidae,Andrena limata,LC,,LC,,,
Andrenidae,Andrena limbata,LC,,LC,,,
Andrenidae,Andrena limonii,DD,,,,,
Andrenidae,Andrena limosa,DD,,DD,,,
Andrenidae,Andrena lindbergella,EN,B1ab(iii)+2ab(iii),EN,"B1ab(iii,v)+2ab(iii,v)",,
Andrenidae,Andrena lineolata,NT,B2a,NT,B2a,Yes,Yes
Andrenidae,Andrena livens,LC,,LC,,,
Andrenidae,Andrena longibarbis,LC,,LC,,,
Andrenidae,Andrena lonicera,CR,D,,,Yes,
Andrenidae,Andrena lusitania,LC,,LC,,,
Andrenidae,Andrena macroptera,LC,,LC,,,
Andrenidae,Andrena maderensis,LC,,LC,,Yes,Yes
Andrenidae,Andrena magna,EN,B2ab(iii),EN,B2ab(iii),,
Andrenidae,Andrena magunta,LC,,LC,,,
Andrenidae,Andrena majalis,NA,,NA,,,
Andrenidae,Andrena marginata,LC,,LC,,,
Andrenidae,Andrena mariana,NA,,NA,,,
Andrenidae,Andrena mediovittata,NT,B2b(ii),NT,B2b(ii),,
Andrenidae,Andrena mehelyi,DD,,DD,,,
Andrenidae,Andrena melacana,LC,,LC,,,
Andrenidae,Andrena merula,LC,,LC,,,
Andrenidae,Andrena metallescens,CR,D,,,,
Andrenidae,Andrena microthorax,NA,,NA,,,
Andrenidae,Andrena miegiella,LC,,LC,,,
Andrenidae,Andrena minapalumboi,NA,,NA,,,
Andrenidae,Andrena minutula,LC,,LC,,,
Andrenidae,Andrena minutuloides,LC,,LC,,,
Andrenidae,Andrena mistrensis,DD,,DD,,,
Andrenidae,Andrena mitis,LC,,LC,,,
Andrenidae,Andrena mocsaryi,LC,,LC,,,
Andrenidae,Andrena monacha,LC,,LC,,,
Andrenidae,Andrena monilia,EN,B2ab(iii),EN,B2ab(iii),,
Andrenidae,Andrena montana,LC,,LC,,Yes,
Andrenidae,Andrena montarca,NT,B2b(iii),NT,B2b(iii),Yes,Yes
Andrenidae,Andrena morio,LC,,LC,,,
Andrenidae,Andrena mucida,LC,,LC,,,
Andrenidae,Andrena mucronata,LC,,LC,,,
Andrenidae,Andrena murana,LC,,LC,,Yes,Yes
Andrenidae,Andrena muscaria,LC,,LC,,Yes,Yes
Andrenidae,Andrena nana,LC,,LC,,,
Andrenidae,Andrena nanaeformis,LC,,EN,"B2ab(ii,iii,v)",,
Andrenidae,Andrena nanula,NT,B2b(iii),NT,B2b(iii),,
Andrenidae,Andrena nasuta,LC,,LC,,,
Andrenidae,Andrena nebularia,LC,,LC,,,
Andrenidae,Andrena neocypriaca,LC,,LC,,,
Andrenidae,Andrena neovirida,LC,,LC,,Yes,Yes
Andrenidae,Andrena nigriceps,LC,,LC,,,
Andrenidae,Andrena nigroaenea,LC,,LC,,,
Andrenidae,Andrena nigroolivacea,LC,,LC,,,
Andrenidae,Andrena nigropilosa,LC,,LC,,,
Andrenidae,Andrena nigrospina,LC,,LC,,,
Andrenidae,Andrena nigroviridula,LC,,LC,,,
Andrenidae,Andrena nilotica,LC,,LC,,Yes,Yes
Andrenidae,Andrena nisoria,NA,,NA,,,
Andrenidae,Andrena nitida,LC,,LC,,,
Andrenidae,Andrena nitidemula,NA,,NA,,,
Andrenidae,Andrena nitidiuscula,LC,,LC,,,
Andrenidae,Andrena nitidula,LC,,LC,,Yes,Yes
Andrenidae,Andrena niveata,NT,"B2b(ii,iii)",NT,"B2b(ii,iii)",,
Andrenidae,Andrena nobilis,LC,,LC,,,
Andrenidae,Andrena notata,DD,,DD,,Yes,Yes
Andrenidae,Andrena nucleola,DD,,DD,,,
Andrenidae,Andrena numida,DD,,DD,,,
Andrenidae,Andrena nuptialis,LC,,LC,,Yes,
Andrenidae,Andrena nycthemera,LC,,LC,,,
Andrenidae,Andrena obsoleta,NT,B2b(ii),NT,B2b(ii),,
Andrenidae,Andrena oedicnema,NA,,NA,,,
Andrenidae,Andrena olympica,LC,,LC,,Yes,Yes
Andrenidae,Andrena omnilaevis,LC,,LC,,,
Andrenidae,Andrena optata,LC,,LC,,,
Andrenidae,Andrena oralis,NT,"B2b(ii,iii)",NT,B2b(iii),,
Andrenidae,Andrena orana,LC,,LC,,,
Andrenidae,Andrena orbitalis,LC,,LC,,,
Andrenidae,Andrena orientana,LC,,LC,,,
Andrenidae,Andrena ornata,CR,B2ab(iii),,,,
Andrenidae,Andrena ortizi,NT,B2a,NT,B2a,Yes,Yes
Andrenidae,Andrena ovata,LC,,LC,,Yes,
Andrenidae,Andrena ovatula,LC,,LC,,Yes,
Andrenidae,Andrena oviventris,LC,,LC,,,
Andrenidae,Andrena paganettina,DD,,DD,,,
Andrenidae,Andrena pallidicincta,LC,,LC,,,
Andrenidae,Andrena pallitarsis,VU,"B2ab(ii,iii,v)",VU,"B2ab(ii,iii,v)",,
Andrenidae,Andrena pandellei,LC,,LC,,,
Andrenidae,Andrena pandosa,DD,,DD,,,
Andrenidae,Andrena panurgimorpha,LC,,LC,,,
Andrenidae,Andrena panurgina,LC,,LC,,,
Andrenidae,Andrena paramythensis,DD,,DD,,,
Andrenidae,Andrena parata,DD,,DD,,Yes,Yes
Andrenidae,Andrena pareklisiae,NT,B1b(iii)+2b(iii),NT,B1b(iii)+2b(iii),,
Andrenidae,Andrena parviceps,LC,,LC,,,
Andrenidae,Andrena passerina,CR,D,CR,D,,
Andrenidae,Andrena pastellensis,LC,,LC,,Yes,
Andrenidae,Andrena paucisquama,LC,,LC,,,
Andrenidae,Andrena pauxilla,LC,,LC,,,
Andrenidae,Andrena pelagonia,DD,,,,Yes,
Andrenidae,Andrena pellucens,LC,,LC,,Yes,
Andrenidae,Andrena pelopa,DD,,DD,,Yes,Yes
Andrenidae,Andrena phoenicura,DD,,DD,,,
Andrenidae,Andrena pileata,DD,,DD,,Yes,Yes
Andrenidae,Andrena pilipes,LC,,LC,,,
Andrenidae,Andrena pirinia,DD,,DD,,Yes,Yes
Andrenidae,Andrena polita,LC,,LC,,,
Andrenidae,Andrena pontica,DD,,DD,,,
Andrenidae,Andrena portosanctana,NT,B1ab(iii)+2ab(iii),NT,B1ab(iii)+2ab(iii),Yes,Yes
Andrenidae,Andrena potentillae,NT,"B2b(ii,iii)",NT,"B2b(ii,iii)",,
Andrenidae,Andrena poupillieri,LC,,LC,,,
Andrenidae,Andrena praecox,LC,,LC,,,
Andrenidae,Andrena probata,NT,B2a,NT,B2a,,
Andrenidae,Andrena producta,DD,,DD,,,
Andrenidae,Andrena propinqua,LC,,LC,,,
Andrenidae,Andrena proxima,LC,,LC,,,
Andrenidae,Andrena pruinosa,LC,,LC,,Yes,Yes
Andrenidae,Andrena pusilla,LC,,LC,,,
Andrenidae,Andrena pyropygia,LC,,LC,,,
Andrenidae,Andrena pyrozonata,DD,,DD,,,
Andrenidae,Andrena quadrimaculata,NA,,NA,,,
Andrenidae,Andrena querquedula,DD,,DD,,,
Andrenidae,Andrena ramosa,LC,,LC,,Yes,Yes
Andrenidae,Andrena ranunculi,LC,,LC,,,
Andrenidae,Andrena ranunculorum,EN,B2ab(iii),EN,B2ab(iii),,
Andrenidae,Andrena relata,LC,,LC,,,
Andrenidae,Andrena rhenana,LC,,LC,,,
Andrenidae,Andrena rhypara,NA,,NA,,,
Andrenidae,Andrena rhyssonota,LC,,LC,,,
Andrenidae,Andrena robusta,DD,,DD,,Yes,Yes
Andrenidae,Andrena rogenhoferi,LC,,LC,,Yes,
Andrenidae,Andrena roripae,DD,,,,,
Andrenidae,Andrena rosae,LC,,LC,,,
Andrenidae,Andrena roseipes,EN,B2ab(iii),EN,B2ab(iii),Yes,
Andrenidae,Andrena rotundata,LC,,LC,,,
Andrenidae,Andrena rotundilabris,NA,,NA,,,
Andrenidae,Andrena rudolfae,DD,,,,,
Andrenidae,Andrena ruficrus,LC,,LC,,,
Andrenidae,Andrena rufizona,NT,"B2b(ii,iii)",NT,"B2b(ii,iii)",,
Andrenidae,Andrena rufula,LC,,LC,,,
Andrenidae,Andrena rugothorace,LC,,LC,,,
Andrenidae,Andrena rugulosa,LC,,LC,,,
Andrenidae,Andrena rugulosella,DD,,,,,
Andrenidae,Andrena russula,LC,,LC,,,
Andrenidae,Andrena saettana,EN,"B1ab(ii,v)+2ab(ii,v)",EN,"B1ab(ii,v)+2ab(ii,v)",,
Andrenidae,Andrena sagittaria,DD,,DD,,Yes,Yes
Andrenidae,Andrena sandanskia,LC,,LC,,,
Andrenidae,Andrena sardoa,LC,,LC,,,
Andrenidae,Andrena savignyi,NA,,NA,,,
Andrenidae,Andrena saxonica,LC,,LC,,,
Andrenidae,Andrena schencki,LC,,LC,,,
Andrenidae,Andrena schlettereri,NT,B2b(iii),NT,B2b(iii),,
Andrenidae,Andrena schmiedeknechti,LC,,LC,,,
Andrenidae,Andrena schulzi,LC,,LC,,,
Andrenidae,Andrena schwarzi,DD,,,,,
Andrenidae,Andrena scita,LC,,LC,,,
Andrenidae,Andrena scotica,LC,,LC,,,
Andrenidae,Andrena semiflava,NA,,,,,
Andrenidae,Andrena semilaevis,LC,,LC,,Yes,
Andrenidae,Andrena seminuda,LC,,LC,,,
Andrenidae,Andrena semirubra,NA,,,,,
Andrenidae,Andrena senecionis,LC,,LC,,,
Andrenidae,Andrena sericata,LC,,LC,,,
Andrenidae,Andrena serraticornis,DD,,DD,,,
Andrenidae,Andrena sibthorpi,LC,,LC,,Yes,Yes
Andrenidae,Andrena sillata,DD,,DD,,,
Andrenidae,Andrena simillima,VU,B2ab(iii),VU,B2ab(iii),,
Andrenidae,Andrena simontornyella,LC,,LC,,,
Andrenidae,Andrena solenopalpa,LC,,LC,,Yes,Yes
Andrenidae,Andrena soror,EN,B2ab(iii),EN,B2ab(iii),,
Andrenidae,Andrena sphecodimorpha,LC,,LC,,Yes,
Andrenidae,Andrena spolata,NA,,NA,,,
Andrenidae,Andrena spreta,LC,,LC,,,
Andrenidae,Andrena stabiana,LC,,LC,,Yes,Yes
Andrenidae,Andrena standfussorum,DD,,DD,,Yes,Yes
Andrenidae,Andrena stellaris,DD,,DD,,,
Andrenidae,Andrena stepposa,EN,B2ab(iii),,,Yes,
Andrenidae,Andrena stigmatica,DD,,,,,
Andrenidae,Andrena stoeckhertella,CR,B1ab(iii)+2ab(iii),,,,
Andrenidae,Andrena strohmella,LC,,LC,,Yes,
Andrenidae,Andrena subopaca,LC,,LC,,,
Andrenidae,Andrena suerinensis,LC,,LC,,Yes,
Andrenidae,Andrena susterai,LC,,LC,,,
Andrenidae,Andrena symphyti,LC,,LC,,,
Andrenidae,Andrena synadelpha,LC,,LC,,,
Andrenidae,Andrena taedium,DD,,DD,,,
Andrenidae,Andrena taprobana,DD,,DD,,,
Andrenidae,Andrena taraxaci,LC,,LC,,,
Andrenidae,Andrena tarsata,LC,,LC,,,
Andrenidae,Andrena taxana,EN,B2ab(iii),EN,B2ab(iii),Yes,Yes
Andrenidae,Andrena tenostra,DD,,DD,,Yes,Yes
Andrenidae,Andrena tenuiformis,DD,,DD,,,
Andrenidae,Andrena tenuistriata,LC,,LC,,,
Andrenidae,Andrena thomsonii,DD,,DD,,,
Andrenidae,Andrena thoracica,LC,,LC,,,
Andrenidae,Andrena tiaretta,DD,,DD,,,
Andrenidae,Andrena tibialis,LC,,LC,,,
Andrenidae,Andrena tomora,LC,,LC,,,
Andrenidae,Andrena torda,LC,,LC,,,
Andrenidae,Andrena transitoria,VU,B2ab(iii),VU,B2ab(iii),,
Andrenidae,Andrena tricuspidata,LC,,,,Yes,
Andrenidae,Andrena tridentata,CR,D,,,,
Andrenidae,Andrena trikalensis,LC,,LC,,Yes,Yes
Andrenidae,Andrena trimmerana,LC,,LC,,,
Andrenidae,Andrena tringa,LC,,LC,,,
Andrenidae,Andrena troodica,CR,D,CR,D,,
Andrenidae,Andrena truncatilabris,LC,,LC,,,
Andrenidae,Andrena tscheki,LC,,LC,,,
Andrenidae,Andrena tuberculifera,NA,,NA,,,
Andrenidae,Andrena tunetana,LC,,LC,,,
Andrenidae,Andrena ulula,NA,,NA,,,
Andrenidae,Andrena ungeri,LC,,LC,,,
Andrenidae,Andrena urdula,EN,"B2ab(ii,iii)",EN,"B2ab(ii,iii)",,
Andrenidae,Andrena vacella,LC,,LC,,Yes,Yes
Andrenidae,Andrena vaga,LC,,LC,,,
Andrenidae,Andrena varia,DD,,DD,,,
Andrenidae,Andrena variabilis,LC,,LC,,,
Andrenidae,Andrena varians,LC,,LC,,,
Andrenidae,Andrena varuga,LC,,LC,,Yes,Yes
Andrenidae,Andrena vaulogeri,NT,B2a,NT,B2a,,
Andrenidae,Andrena ventralis,LC,,LC,,,
Andrenidae,Andrena ventricosa,LC,,LC,,,
Andrenidae,Andrena verae,DD,,,,,
Andrenidae,Andrena verticalis,LC,,LC,,,
Andrenidae,Andrena vetula,LC,,LC,,,
Andrenidae,Andrena villipes,LC,,LC,,,
Andrenidae,Andrena viridescens,LC,,LC,,,
Andrenidae,Andrena vocifera,LC,,LC,,Yes,Yes
Andrenidae,Andrena volgensis,DD,,,,,
Andrenidae,Andrena vulcana,DD,,DD,,,
Andrenidae,Andrena vulpecula,LC,,LC,,,
Andrenidae,Andrena walishanovi,DD,,,,,
Andrenidae,Andrena westensis,LC,,LC,,,
Andrenidae,Andrena wilhelmi,LC,,LC,,,
Andrenidae,Andrena wilkella,LC,,LC,,,
Andrenidae,Andrena wolfi,NA,,NA,,,
Andrenidae,Andrena wollastoni,LC,,LC,,Yes,Yes
Andrenidae,Camptopoeum friesei,LC,,LC,,,
Andrenidae,Camptopoeum frontale,LC,,LC,,,
Andrenidae,Camptopoeum nasutum,NT,B2b(iii),NT,B2b(iii),Yes,Yes
Andrenidae,Camptopoeum variegatum,NT,B2b(iii),NT,B2b(iii),,
Andrenidae,Clavipanurgus sculpturatus,DD,,DD,,,
Andrenidae,Cubiandrena cubiceps,DD,,DD,,,
Andrenidae,Flavipanurgus flavus,LC,,LC,,Yes,Yes
Andrenidae,Flavipanurgus granadensis,LC,,LC,,Yes,Yes
Andrenidae,Flavipanurgus ibericus,NT,B2b(iii),NT,B2b(iii),Yes,Yes
Andrenidae,Flavipanurgus kastiliensis,LC,,LC,,Yes,Yes
Andrenidae,Flavipanurgus merceti,CR,D,CR,D,Yes,Yes
Andrenidae,Flavipanurgus venustus,LC,,LC,,Yes,Yes
Andrenidae,Halopanurgus baldocki,VU,D2,VU,D2,Yes,Yes
Andrenidae,Halopanurgus fuzetus,NT,D2,NT,D2,Yes,Yes
Andrenidae,Melitturga caudata,LC,,LC,,,
Andrenidae,Melitturga clavicornis,NT,"B2b(ii,iii)",NT,"B2b(ii,iii)",,
Andrenidae,Melitturga praestans,NT,B2b(ii),NT,B2b(ii),,
Andrenidae,Melitturga spinosa,DD,,DD,,,
Andrenidae,Melitturga syriaca,DD,,DD,,,
Andrenidae,Melitturga taurica,NA,,NA,,,
Andrenidae,Panurginus albopilosus,LC,,LC,,,
Andrenidae,Panurginus alpinus,LC,,LC,,Yes,
Andrenidae,Panurginus alticolus,NA,,,,,
Andrenidae,Panurginus annulatus,LC,,LC,,Yes,Yes
Andrenidae,Panurginus brullei,DD,,DD,,Yes,Yes
Andrenidae,Panurginus corpanus,NA,,NA,,,
Andrenidae,Panurginus herzi,LC,,DD,,,
Andrenidae,Panurginus labiatus,LC,,LC,,,
Andrenidae,Panurginus lactipennis,LC,,LC,,,
Andrenidae,Panurginus montanus,LC,,LC,,Yes,
Andrenidae,Panurginus romani,LC,,LC,,,
Andrenidae,Panurginus schwarzi,DD,,DD,,Yes,Yes
Andrenidae,Panurginus sericatus,LC,,LC,,Yes,
Andrenidae,Panurginus turcomanicus,NA,,NA,,,
Andrenidae,Panurginus tyrolensis,LC,,LC,,Yes,
Andrenidae,Panurgus banksianus,LC,,LC,,,
Andrenidae,Panurgus calcaratus,LC,,LC,,,
Andrenidae,Panurgus canarius,LC,,LC,,,
Andrenidae,Panurgus canescens,LC,,LC,,Yes,Yes
Andrenidae,Panurgus cephalotes,LC,,LC,,,
Andrenidae,Panurgus corsicus,LC,,LC,,Yes,Yes
Andrenidae,Panurgus dargius,LC,,LC,,,
Andrenidae,Panurgus dentipes,LC,,LC,,Yes,
Andrenidae,Panurgus meridionalis,LC,,LC,,Yes,Yes
Andrenidae,Panurgus oblitus,NA,,NA,,,
Andrenidae,Panurgus perezi,LC,,LC,,,
Andrenidae,Panurgus pici,NA,,NA,,,
Andrenidae,Panurgus siculus,LC,,LC,,Yes,Yes
Andrenidae,Simpanurgus phyllopodus,CR,D,CR,D,Yes,Yes
Apidae,Amegilla albigena,LC,,LC,,,
Apidae,Amegilla andresi,DD,,DD,,,
Apidae,Amegilla canifrons,LC,,LC,,Yes,Yes
Apidae,Amegilla fasciata,LC,,LC,,,
Apidae,Amegilla garrula,LC,,LC,,,
Apidae,Amegilla nigricornis,NA,,,,,
Apidae,Amegilla ochroleuca,LC,,LC,,,
Apidae,Amegilla quadrifasciata,LC,,LC,,,
Apidae,Amegilla salviae,NT,A2c,NT,A2c,,
Apidae,Amegilla savignyi,LC,,LC,,,
Apidae,Amegilla velocissima,DD,,DD,,,
Apidae,Ammobates armeniacus,NT,B2a,NT,B2a,,
Apidae,Ammobates biastoides,DD,,DD,,,
Apidae,Ammobates dusmeti,CR,"B2ab(i,ii); D",CR,"B2ab(i,ii); D",Yes,Yes
Apidae,Ammobates mavromoustakisi,DD,,DD,,,
Apidae,Ammobates melectoides,EN,"B2ab(i,ii)",EN,"B2ab(i,ii)",Yes,
Apidae,Ammobates muticus,LC,,LC,,,
Apidae,Ammobates opacus,DD,,DD,,,
Apidae,Ammobates oraniensis,NT,B2a,NT,B2a,,
Apidae,Ammobates punctatus,NT,B2b(iii),NT,B2b(iii),,
Apidae,Ammobates rufiventris,DD,,DD,,,
Apidae,Ammobates sanguineus,DD,,DD,,,
Apidae,Ammobates similis,DD,,DD,,,
Apidae,Ammobates verhoeffi,NA,,NA,,,
Apidae,Ammobates vinctus,EN,B2ab(ii),EN,B2ab(ii),,
Apidae,Ammobatoides abdominalis,VU,"B2ab(iii,v)",VU,"B2ab(iii,v)",,
Apidae,Ammobatoides luctuosus,LC,,LC,,,
Apidae,Ammobatoides okalii,DD,,DD,,Yes,Yes
Apidae,Ammobatoides scriptus,LC,,LC,,,
Apidae,Ancyla asiatica,NA,,NA,,,
Apidae,Ancyla cretensis,DD,,DD,,,
Apidae,Ancyla holtzi,NT,B2ab(ii),NT,B2ab(ii),,
Apidae,Ancyla nigricornis,DD,,DD,,,
Apidae,Ancyla nitida,NA,,NA,,,
Apidae,Ancyla oraniensis,NA,,NA,,,
Apidae,Ancyla orientalica,DD,,DD,,,
Apidae,Anthophora aestivalis,LC,,LC,,,
Apidae,Anthophora affinis,LC,,LC,,,
Apidae,Anthophora agama,LC,,LC,,,
Apidae,Anthophora albosignata,NA,,NA,,,
Apidae,Anthophora alluaudi,LC,,LC,,Yes,Yes
Apidae,Anthophora altaica,DD,,,,,
Apidae,Anthophora astragali,NA,,,,,
Apidae,Anthophora atriceps,LC,,LC,,,
Apidae,Anthophora atroalba,LC,,LC,,,
Apidae,Anthophora balassogloi,NA,,,,,
Apidae,Anthophora balearica,LC,,LC,,Yes,Yes
Apidae,Anthophora balneorum,LC,,LC,,,
Apidae,Anthophora bimaculata,LC,,LC,,,
Apidae,Anthophora borealis,CR,"B1ab(i,ii,iii,iv)+2ab(i,ii,iii,iv)",CR,"B1ab(i,ii,iii,iv,v)+2ab(i,ii,iii,iv,v)",,
Apidae,Anthophora calcarata,LC,,LC,,,
Apidae,Anthophora canescens,LC,,LC,,,
Apidae,Anthophora cincrea,DD,,,,,
Apidae,Anthophora cinerascens,LC,,,,,
Apidae,Anthophora crassipes,LC,,LC,,,
Apidae,Anthophora crinipes,LC,,LC,,,
Apidae,Anthophora crysocnemis,DD,,,,,
Apidae,Anthophora dalmatica,LC,,LC,,,
Apidae,Anthophora deserticola,DD,,,,,
Apidae,Anthophora dispar,LC,,LC,,,
Apidae,Anthophora dubia,DD,,DD,,,
Apidae,Anthophora dufourii,LC,,LC,,,
Apidae,Anthophora femorata,LC,,LC,,,
Apidae,Anthophora ferruginea,NT,B2b(ii),NT,B2b(ii),,
Apidae,Anthophora fulvipes,LC,,LC,,,
Apidae,Anthophora fulvitarsis,NT,A2c,NT,A2c,,
Apidae,Anthophora fulvodimidiata,LC,,LC,,,
Apidae,Anthophora furcata,LC,,LC,,,
Apidae,Anthophora gallica,LC,,LC,,Yes,Yes
Apidae,Anthophora gracilipes,NA,,,,,
Apidae,Anthophora harmalae,NA,,NA,,,
Apidae,Anthophora hispanica,LC,,LC,,,
Apidae,Anthophora ireos,NA,,,,,
Apidae,Anthophora laevigata,DD,,DD,,Yes,Yes
Apidae,Anthophora lanzarotensis,NT,B1b(iii)+2b(iii),NT,B1b(iii)+2b(iii),Yes,Yes
Apidae,Anthophora leucophaea,LC,,LC,,,
Apidae,Anthophora lieftincki,LC,,LC,,Yes,Yes
Apidae,Anthophora monacha,DD,,,,,
Apidae,Anthophora mucida,LC,,LC,,,
Apidae,Anthophora nigriceps,LC,,LC,,,
Apidae,Anthophora nigrovittata,LC,,LC,,Yes,Yes
Apidae,Anthophora orientalis,DD,,DD,,,
Apidae,Anthophora orotavae,LC,,LC,,Yes,Yes
Apidae,Anthophora pedata,DD,,DD,,,
Apidae,Anthophora plagiata,NT,"B2b(ii,iii)",NT,"B2b(ii,iii)",,
Apidae,Anthophora plumipes,LC,,LC,,,
Apidae,Anthophora podagra,LC,,LC,,,
Apidae,Anthophora ponomarevae,DD,,,,,
Apidae,Anthophora porphyrea,VU,B1ab(iii)+2ab(iii),VU,B1ab(iii)+2ab(iii),Yes,Yes
Apidae,Anthophora pruinosa,LC,,LC,,Yes,Yes
Apidae,Anthophora pubescens,LC,,LC,,,
Apidae,Anthophora pulverosa,LC,,LC,,Yes,Yes
Apidae,Anthophora punctilabris,LC,,LC,,Yes,Yes
Apidae,Anthophora purpuraria,VU,B2ab(iii),VU,B2ab(iii),Yes,Yes
Apidae,Anthophora quadricolor,DD,,DD,,,
Apidae,Anthophora quadrimaculata,LC,,LC,,,
Apidae,Anthophora raddei,NA,,NA,,,
Apidae,Anthophora retusa,LC,,LC,,,
Apidae,Anthophora robusta,NT,"B2b(ii,v)",NT,"B2b(ii,v)",,
Apidae,Anthophora rogenhoferi,LC,,LC,,,
Apidae,Anthophora romandii,LC,,LC,,,
Apidae,Anthophora rutilans,LC,,LC,,,
Apidae,Anthophora segnis,NA,,,,,
Apidae,Anthophora senescens,LC,,LC,,,
Apidae,Anthophora senilis,CR,D,,,,
Apidae,Anthophora sichelii,LC,,LC,,Yes,Yes
Apidae,Anthophora socia,LC,,LC,,,
Apidae,Anthophora testaceipes,NA,,,,,
Apidae,Anthophora uniciliata,DD,,DD,,Yes,Yes
Apidae,Anthophora ventilabris,NA,,NA,,,
Apidae,Anthophora vernalis,NA,,,,,
Apidae,Apis mellifera,DD,,EN,A2abe,,
Apidae,Biastes brevicornis,LC,,LC,,,
Apidae,Biastes emarginatus,LC,,LC,,,
Apidae,Biastes truncatus,VU,B2ab(v),VU,B2ab(v),,
Apidae,Bombus alpinus,VU,A3c,VU,B1ab(iii)+2ab(iii),Yes,
Apidae,Bombus argillaceus,LC,,LC,,,
Apidae,Bombus armeniacus,EN,"B2ab(i,ii,iii)",EN,"B2ab(i,ii,iii)",,
Apidae,Bombus balteatus,NT,A3c,NT,A3c,,
Apidae,Bombus barbutellus,LC,,LC,,,
Apidae,Bombus bohemicus,LC,,LC,,,
Apidae,Bombus brodmannicus,NT,B1b(iii)+2b(iii),NT,B1b(iii)+2b(iii),,
Apidae,Bombus campestris,LC,,LC,,,
Apidae,Bombus cingulatus,NT,A3c,NT,A3c,,
Apidae,Bombus confusus,VU,A3c,VU,A3c,,
Apidae,Bombus consobrinus,NT,A3c,NT,A3c,,
Apidae,Bombus cryptarum,LC,,LC,,,
Apidae,Bombus cullumanus,CR,"B2ab(i,ii,iii,v)",CR,"B2ab(i,ii,iii,v)",,
Apidae,Bombus deuteronymus,DD,,DD,,,
Apidae,Bombus distinguendus,VU,A2c,VU,A2c,,
Apidae,Bombus flavidus,LC,,LC,,,
Apidae,Bombus fragrans,VU,"B2ab(ii,iii,v)",VU,"B2ab(ii,iii,v)",,
Apidae,Bombus gerstaeckeri,NT,B2b(iii),NT,B2b(iii),,
Apidae,Bombus glacialis,VU,D2,,,,
Apidae,Bombus haematurus,LC,,LC,,,
Apidae,Bombus hortorum,LC,,LC,,,
Apidae,Bombus humilis,LC,,LC,,,
Apidae,Bombus hyperboreus,VU,"B2b(ii,v)c(iv)",VU,"B2b(ii,v)c(iv)",,
Apidae,Bombus hypnorum,LC,,LC,,,
Apidae,Bombus inexspectatus,NT,B2b(iii),NT,B2b(iii),Yes,
Apidae,Bombus jonellus,LC,,LC,,,
Apidae,Bombus konradini,EN,B1ab(iii)+2ab(iii),EN,B1ab(iii)+2ab(iii),Yes,Yes
Apidae,Bombus laesus,VU,B2ab(iii),VU,B2ab(iii),,
Apidae,Bombus lapidarius,LC,,LC,,,
Apidae,Bombus lapponicus,NT,A3c,NT,A3c,,
Apidae,Bombus lucorum,LC,,LC,,,
Apidae,Bombus magnus,LC,,LC,,Yes,
Apidae,Bombus mendax,LC,,LC,,Yes,Yes
Apidae,Bombus mesomelas,LC,,LC,,,
Apidae,Bombus mlokosievitzii,DD,,DD,,,
Apidae,Bombus modestus,VU,B2ab(iii),,,,
Apidae,Bombus monticola,LC,,LC,,,
Apidae,Bombus mucidus,LC,,NT,B2ab(iii),Yes,
Apidae,Bombus muscorum,VU,A2c,VU,A2c,,
Apidae,Bombus niveatus,LC,,LC,,,
Apidae,Bombus norvegicus,LC,,LC,,,
Apidae,Bombus pascuorum,LC,,LC,,,
Apidae,Bombus patagiatus,NT,B2b(iii),,,,
Apidae,Bombus pomorum,VU,A3c,VU,A3c,,
Apidae,Bombus pratorum,LC,,LC,,,
Apidae,Bombus pyrenaeus,LC,,LC,,Yes,
Apidae,Bombus pyrrhopygus,VU,"A3c; B2ab(ii,iii)",VU,"A3c; B2ab(ii,iii)",,
Apidae,Bombus quadricolor,LC,,LC,,,
Apidae,Bombus renardi,NT,B1ab(iii)+2ab(iii),NT,B1ab(iii)+2ab(iii),Yes,Yes
Apidae,Bombus ruderarius,LC,,LC,,,
Apidae,Bombus ruderatus,LC,,LC,,,
Apidae,Bombus rupestris,LC,,LC,,,
Apidae,Bombus saltuarius,NA,,,,,
Apidae,Bombus schrencki,LC,,LC,,,
Apidae,Bombus semenoviellus,LC,,LC,,,
Apidae,Bombus sichelii,LC,,LC,,,
Apidae,Bombus soroeensis,LC,,LC,,,
Apidae,Bombus sporadicus,NT,A3c,NT,A3c,,
Apidae,Bombus subterraneus,NT,A3c,NT,A3c,,
Apidae,Bombus sylvarum,LC,,LC,,,
Apidae,Bombus sylvestris,LC,,LC,,,
Apidae,Bombus terrestris,LC,,LC,,,
Apidae,Bombus vestalis,LC,,LC,,,
Apidae,Bombus veteranus,NT,A3c,NT,A3c,,
Apidae,Bombus wurflenii,LC,,LC,,,
Apidae,Bombus xanthopus,LC,,LC,,Yes,Yes
Apidae,Bombus zonatus,VU,B2b(iii)c(iv),VU,B2b(iii)c(iv),,
Apidae,Ceratina acuta,LC,,LC,,,
Apidae,Ceratina albosticta,NA,,NA,,,
Apidae,Ceratina bispinosa,LC,,LC,,,
Apidae,Ceratina callosa,LC,,LC,,,
Apidae,Ceratina chalcites,LC,,LC,,,
Apidae,Ceratina chalybea,LC,,LC,,,
Apidae,Ceratina chrysomalla,NT,B2a,NT,B2a,,
Apidae,Ceratina cucurbitina,LC,,LC,,,
Apidae,Ceratina cyanea,LC,,LC,,,
Apidae,Ceratina cypriaca,LC,,LC,,Yes,Yes
Apidae,Ceratina dallatorreana,LC,,LC,,,
Apidae,Ceratina dentiventris,LC,,LC,,,
Apidae,Ceratina gravidula,LC,,LC,,Yes,
Apidae,Ceratina loewi,LC,,LC,,,
Apidae,Ceratina mandibularis,LC,,LC,,,
Apidae,Ceratina mocsaryi,LC,,LC,,,
Apidae,Ceratina moricei,LC,,LC,,,
Apidae,Ceratina nigroaenea,LC,,LC,,,
Apidae,Ceratina nigrolabiata,LC,,LC,,,
Apidae,Ceratina parvula,LC,,LC,,,
Apidae,Ceratina sakagamii,DD,,DD,,,
Apidae,Ceratina saundersi,LC,,LC,,,
Apidae,Ceratina schwarzi,LC,,LC,,,
Apidae,Ceratina tarsata,NA,,NA,,,
Apidae,Ceratina teunisseni,LC,,LC,,Yes,Yes
Apidae,Ceratina zandeni,NA,,NA,,,
Apidae,Ceratina zwakhalsi,NA,,,,,
Apidae,Chiasmognathus orientanus,NT,B2a,NT,B2a,,
Apidae,Epeoloides coecutiens,LC,,LC,,,
Apidae,Epeolus alpinus,NT,B2b(iii),NT,B2b(iii),Yes,
Apidae,Epeolus aureovestitus,NT,B2b(v),NT,B2b(v),,
Apidae,Epeolus bischoffi,DD,,DD,,,
Apidae,Epeolus compar,LC,,LC,,Yes,Yes
Apidae,Epeolus cruciger,LC,,LC,,,
Apidae,Epeolus fallax,LC,,LC,,,
Apidae,Epeolus fasciatus,CR,B2ab(iii),CR,B2ab(iii),,
Apidae,Epeolus flavociliatus,NA,,NA,,,
Apidae,Epeolus ibericus,DD,,DD,,,
Apidae,Epeolus intermedius,LC,,LC,,,
Apidae,Epeolus julliani,LC,,LC,,,
Apidae,Epeolus productulus,NT,B2a,NT,B2a,,
Apidae,Epeolus schummeli,NT,"B2b(iii,v)",NT,"B2b(iii,v)",,
Apidae,Epeolus siculus,DD,,DD,,Yes,Yes
Apidae,Epeolus sigillatus,VU,B1ab(iii)+2ab(iii),VU,B1ab(iii)+2ab(iii),Yes,Yes
Apidae,Epeolus tarsalis,LC,,LC,,,
Apidae,Epeolus transitorius,DD,,DD,,,
Apidae,Epeolus variegatus,LC,,LC,,,
Apidae,Eucera aequata,LC,,LC,,,
Apidae,Eucera albofasciata,LC,,LC,,,
Apidae,Eucera alborufa,NA,,,,,
Apidae,Eucera algira,LC,,LC,,,
Apidae,Eucera atriceps,NA,,,,,
Apidae,Eucera barbiventris,LC,,LC,,,
Apidae,Eucera bidentata,LC,,LC,,,
Apidae,Eucera brachycera,EN,B1ab(iii)+2ab(iii),EN,B1ab(iii)+2ab(iii),,
Apidae,Eucera breviceps,NT,B2ab(iii),NT,B2b(iii),,
Apidae,Eucera caerulescens,LC,,LC,,,
Apidae,Eucera caspica,LC,,LC,,,
Apidae,Eucera cineraria,LC,,LC,,,
Apidae,Eucera clypeata,LC,,LC,,,
Apidae,Eucera codinai,LC,,LC,,Yes,Yes
Apidae,Eucera collaris,LC,,LC,,,
Apidae,Eucera commixta,NA,,NA,,,
Apidae,Eucera confinis,LC,,LC,,,
Apidae,Eucera curvitarsis,LC,,LC,,,
Apidae,Eucera cypria,LC,,LC,,,
Apidae,Eucera dafnii,LC,,LC,,,
Apidae,Eucera dalmatica,LC,,LC,,,
Apidae,Eucera digitata,LC,,LC,,,
Apidae,Eucera dimidiata,LC,,LC,,,
Apidae,Eucera distinguenda,NA,,NA,,,
Apidae,Eucera ebmeri,LC,,LC,,,
Apidae,Eucera elongatula,LC,,LC,,,
Apidae,Eucera excisa,EN,B2ab(iii),EN,B2ab(iii),,
Apidae,Eucera fasciata,LC,,LC,,,
Apidae,Eucera ferghanica,NA,,,,,
Apidae,Eucera flavicornis,NT,B2a,NT,B2a,,
Apidae,Eucera furfurea,LC,,LC,,,
Apidae,Eucera gaullei,LC,,LC,,,
Apidae,Eucera gracilipes,LC,,LC,,Yes,Yes
Apidae,Eucera grisea,LC,,LC,,,
Apidae,Eucera helvola,LC,,LC,,,
Apidae,Eucera hispana,LC,,LC,,,
Apidae,Eucera hungarica,LC,,LC,,,
Apidae,Eucera intermedia,NA,,,,,
Apidae,Eucera interrupta,LC,,LC,,,
Apidae,Eucera kullenbergi,LC,,LC,,,
Apidae,Eucera lanuginosa,LC,,LC,,,
Apidae,Eucera laxiscopa,LC,,LC,,,
Apidae,Eucera longicornis,LC,,LC,,,
Apidae,Eucera maroccana,LC,,LC,,,
Apidae,Eucera mastrucata,NA,,,,,
Apidae,Eucera matalae,LC,,LC,,Yes,Yes
Apidae,Eucera mediterranea,LC,,LC,,,
Apidae,Eucera melectoides,LC,,LC,,,
Apidae,Eucera microsoma,LC,,LC,,,
Apidae,Eucera morio,EN,B2ab(iii),CR,B2ab(iii),,
Apidae,Eucera nigrescens,LC,,LC,,,
Apidae,Eucera nigrifacies,LC,,LC,,,
Apidae,Eucera nigrilabris,LC,,LC,,,
Apidae,Eucera nigripes,NA,,NA,,,
Apidae,Eucera notata,LC,,LC,,,
Apidae,Eucera numida,LC,,LC,,,
Apidae,Eucera obliterata,LC,,LC,,,
Apidae,Eucera obscura,LC,,LC,,,
Apidae,Eucera oraniensis,LC,,LC,,,
Apidae,Eucera palaestinae,LC,,LC,,,
Apidae,Eucera pannonica,LC,,LC,,,
Apidae,Eucera paraclypeata,LC,,LC,,,
Apidae,Eucera parnassia,LC,,LC,,,
Apidae,Eucera parvicornis,NT,B2b(iii),NT,B2b(iii),,
Apidae,Eucera penicillata,LC,,LC,,,
Apidae,Eucera plumigera,LC,,LC,,,
Apidae,Eucera pollinaris,NT,B2b(iii),NT,B2b(iii),,
Apidae,Eucera pollinosa,LC,,LC,,,
Apidae,Eucera proxima,LC,,LC,,,
Apidae,Eucera pseudeucnemidea,LC,,LC,,,
Apidae,Eucera punctatissima,DD,,DD,,,
Apidae,Eucera puncticollis,LC,,LC,,,
Apidae,Eucera punctulata,LC,,LC,,,
Apidae,Eucera pythagoras,LC,,LC,,,
Apidae,Eucera quilisi,VU,B2ab(iii),VU,B2ab(iii),Yes,Yes
Apidae,Eucera rufa,LC,,LC,,,
Apidae,Eucera ruficollis,LC,,LC,,,
Apidae,Eucera rufipes,LC,,LC,,,
Apidae,Eucera seminuda,LC,,LC,,,
Apidae,Eucera spectabilis,NA,,,,,
Apidae,Eucera squamosa,LC,,LC,,,
Apidae,Eucera syriaca,LC,,LC,,,
Apidae,Eucera taurea,LC,,LC,,,
Apidae,Eucera taurica,LC,,LC,,,
Apidae,Eucera terminata,LC,,LC,,,
Apidae,Eucera transitoria,NA,,,,,
Apidae,Eucera tricincta,LC,,LC,,,
Apidae,Eucera tristis,DD,,DD,,,
Apidae,Eucera velutina,DD,,DD,,,
Apidae,Eucera vernalis,NA,,,,,
Apidae,Eucera vittulata,LC,,LC,,,
Apidae,Eucera vulpes,LC,,LC,,,
Apidae,Habropoda ezonata,DD,,DD,,Yes,
Apidae,Habropoda tarsata,LC,,LC,,,
Apidae,Habropoda zonatula,LC,,LC,,,
Apidae,Melecta aegyptiaca,DD,,DD,,,
Apidae,Melecta albifrons,LC,,LC,,,
Apidae,Melecta alcestis,DD,,,,,
Apidae,Melecta amanda,DD,,,,,
Apidae,Melecta baerii,DD,,,,,
Apidae,Melecta canariensis,DD,,DD,,Yes,Yes
Apidae,Melecta caroli,LC,,LC,,Yes,Yes
Apidae,Melecta curvispina,LC,,LC,,Yes,Yes
Apidae,Melecta diacantha,DD,,,,,
Apidae,Melecta duodecimmaculata,NT,A2c,NT,A2c,,
Apidae,Melecta eversmanni,DD,,,,,
Apidae,Melecta festiva,LC,,LC,,,
Apidae,Melecta fulgida,LC,,LC,,,
Apidae,Melecta funeraria,LC,,LC,,,
Apidae,Melecta gracilipes,DD,,DD,,Yes,Yes
Apidae,Melecta grandis,DD,,DD,,,
Apidae,Melecta guichardi,DD,,DD,,,
Apidae,Melecta guilochei,DD,,DD,,,
Apidae,Melecta italica,DD,,DD,,,
Apidae,Melecta leucorhyncha,DD,,DD,,,
Apidae,Melecta luctuosa,LC,,LC,,,
Apidae,Melecta mundula,NA,,NA,,,
Apidae,Melecta obscura,LC,,LC,,,
Apidae,Melecta prophanta,DD,,DD,,Yes,Yes
Apidae,Melecta rutenica,DD,,,,Yes,
Apidae,Melecta tuberculata,DD,,DD,,,
Apidae,Nomada accentifera,NT,B2b(ii),NT,B2b(ii),,
Apidae,Nomada achaica,DD,,DD,,Yes,Yes
Apidae,Nomada acutispina,DD,,DD,,,
Apidae,Nomada aeginaica,DD,,DD,,,
Apidae,Nomada agrestis,LC,,LC,,,
Apidae,Nomada alboguttata,LC,,LC,,,
Apidae,Nomada alpigena,EN,B2ab(iii),EN,B2ab(iii),Yes,Yes
Apidae,Nomada argentata,VU,"B2ab(iii,v)",VU,"B2ab(iii,v)",,
Apidae,Nomada argentea,DD,,DD,,,
Apidae,Nomada ariasi,NT,B2a,NT,B2a,,
Apidae,Nomada armata,LC,,LC,,,
Apidae,Nomada arrogans,EN,"B2ab(i,ii,iii)",EN,"B2ab(i,ii,iii)",,
Apidae,Nomada atroscutellaris,LC,,LC,,,
Apidae,Nomada babiyi,LC,,LC,,,
Apidae,Nomada baccata,VU,A2c,VU,A2c,,
Apidae,Nomada barcelonensis,NT,B2b(iii),NT,B2b(iii),Yes,Yes
Apidae,Nomada basalis,LC,,LC,,,
Apidae,Nomada beaumonti,LC,,LC,,,
Apidae,Nomada bifasciata,LC,,LC,,,
Apidae,Nomada bispinosa,NT,A2c,NT,A2c,,
Apidae,Nomada blepharipes,EN,"B2ab(i,ii,iii)",EN,"B2ab(i,ii,iii)",,
Apidae,Nomada bluethgeni,LC,,LC,,,
Apidae,Nomada bolivari,DD,,DD,,Yes,Yes
Apidae,Nomada bouceki,EN,"B2ab(ii,iii)",EN,"B2ab(ii,iii)",,
Apidae,Nomada braunsiana,LC,,LC,,,
Apidae,Nomada breviceps,DD,,DD,,,
Apidae,Nomada breviscapa,DD,,DD,,Yes,Yes
Apidae,Nomada cadiza,DD,,DD,,,
Apidae,Nomada calimorpha,EN,B2ab(iii),VU,"B2ab(ii,iii)",,
Apidae,Nomada carnifex,LC,,LC,,,
Apidae,Nomada caspia,LC,,LC,,,
Apidae,Nomada castellana,LC,,LC,,,
Apidae,Nomada cherkesiana,LC,,LC,,,
Apidae,Nomada collarae,EN,"B2ab(ii,iii)",EN,"B2ab(ii,iii)",,
Apidae,Nomada concolor,NT,B2b(ii),NT,B2b(ii),Yes,Yes
Apidae,Nomada confinis,EN,"B2ab(ii,iii)",EN,"B2ab(ii,iii)",,
Apidae,Nomada conjungens,LC,,LC,,,
Apidae,Nomada connectens,LC,,LC,,,
Apidae,Nomada corcyraea,NT,B2b(iii),NT,B2b(iii),,
Apidae,Nomada coronata,LC,,LC,,,
Apidae,Nomada coxalis,NA,,NA,,,
Apidae,Nomada crenulata,LC,,LC,,,
Apidae,Nomada cretensis,LC,,LC,,Yes,Yes
Apidae,Nomada cristata,LC,,LC,,,
Apidae,Nomada cruenta,NT,B2b(ii),NT,B2b(ii),,
Apidae,Nomada cypria,LC,,LC,,,
Apidae,Nomada cypricola,NT,B2a,NT,B2a,Yes,Yes
Apidae,Nomada diacantha,LC,,LC,,,
Apidae,Nomada dira,LC,,LC,,,
Apidae,Nomada discedens,LC,,LC,,Yes,Yes
Apidae,Nomada discrepans,LC,,LC,,,
Apidae,Nomada distinguenda,LC,,LC,,,
Apidae,Nomada dolosa,LC,,LC,,,
Apidae,Nomada dubia,DD,,DD,,,
Apidae,Nomada duplex,LC,,LC,,,
Apidae,Nomada ebmeri,LC,,LC,,,
Apidae,Nomada ecarinata,NA,,,,,
Apidae,Nomada elsei,EN,"B1ab(i,ii,iii)+2ab(i,ii,iii)",EN,"B1ab(i,ii,iii)+2ab(i,ii,iii)",Yes,Yes
Apidae,Nomada emarginata,EN,"B2ab(ii,iii)",EN,"B2ab(ii,iii)",,
Apidae,Nomada eos,LC,,LC,,,
Apidae,Nomada errans,EN,"B2ab(ii,iii)",EN,"B2ab(ii,iii)",,
Apidae,Nomada erythrocephala,VU,A2c,VU,A2c,,
Apidae,Nomada fabriciana,LC,,LC,,,
Apidae,Nomada facilis,LC,,LC,,,
Apidae,Nomada fallax,LC,,LC,,,
Apidae,Nomada femoralis,LC,,LC,,,
Apidae,Nomada fenestrata,EN,"B2ab(ii,iii)",EN,"B2ab(ii,iii)",,
Apidae,Nomada ferruginata,LC,,LC,,,
Apidae,Nomada filicornis,LC,,LC,,,
Apidae,Nomada flava,LC,,LC,,Yes,
Apidae,Nomada flavigenis,DD,,DD,,,
Apidae,Nomada flavilabris,EN,"B2ab(ii,iii)",EN,"B2ab(ii,iii)",,
Apidae,Nomada flavinervis,LC,,LC,,,
Apidae,Nomada flavoguttata,LC,,LC,,,
Apidae,Nomada flavopicta,LC,,LC,,,
Apidae,Nomada fucata,LC,,LC,,,
Apidae,Nomada fulvicornis,LC,,LC,,,
Apidae,Nomada furva,LC,,LC,,,
Apidae,Nomada furvoides,LC,,LC,,,
Apidae,Nomada fusca,LC,,LC,,,
Apidae,Nomada fuscicornis,LC,,LC,,,
Apidae,Nomada gageae,DD,,DD,,Yes,Yes
Apidae,Nomada glaberrima,LC,,LC,,,
Apidae,Nomada glaucopis,LC,,LC,,,
Apidae,Nomada goodeniana,LC,,LC,,,
Apidae,Nomada gransassoi,LC,,LC,,Yes,
Apidae,Nomada gredosiana,DD,,DD,,Yes,Yes
Apidae,Nomada gribodoi,LC,,LC,,,
Apidae,Nomada gruenwaldti,LC,,LC,,,
Apidae,Nomada guichardi,DD,,DD,,,
Apidae,Nomada guttulata,LC,,LC,,,
Apidae,Nomada halophila,VU,D2,VU,D2,Yes,Yes
Apidae,Nomada hera,LC,,LC,,,
Apidae,Nomada hirtipes,LC,,LC,,Yes,
Apidae,Nomada hispanica,LC,,LC,,Yes,Yes
Apidae,Nomada hungarica,NT,B2a,NT,B2a,,
Apidae,Nomada illustris,NT,B2b(ii),NT,B2b(ii),Yes,Yes
Apidae,Nomada immaculata,LC,,LC,,,
Apidae,Nomada imperialis,LC,,LC,,,
Apidae,Nomada incisa,EN,B2ab(iii),EN,B2ab(iii),,
Apidae,Nomada insignipes,LC,,LC,,,
Apidae,Nomada integra,LC,,LC,,,
Apidae,Nomada italica,EN,"B2ab(ii,v)",EN,"B2ab(ii,v)",,
Apidae,Nomada jaramensis,NA,,NA,,,
Apidae,Nomada kervilleana,LC,,LC,,,
Apidae,Nomada kohli,LC,,LC,,,
Apidae,Nomada kornosica,EN,"B2ab(ii,iii)",EN,"B2ab(ii,iii)",Yes,Yes
Apidae,Nomada kriesteni,LC,,LC,,Yes,Yes
Apidae,Nomada lamellata,DD,,DD,,Yes,Yes
Apidae,Nomada lapillula,LC,,LC,,,
Apidae,Nomada lateritia,NA,,NA,,,
Apidae,Nomada lathburiana,LC,,LC,,,
Apidae,Nomada laticrus,EN,B2ab(iii),EN,B2ab(iiii),,
Apidae,Nomada legoffi,LC,,LC,,Yes,Yes
Apidae,Nomada leucophthalma,LC,,LC,,,
Apidae,Nomada limassolica,LC,,LC,,,
Apidae,Nomada linsenmaieri,LC,,LC,,,
Apidae,Nomada litigiosa,DD,,DD,,,
Apidae,Nomada lucidula,NT,B2b(iii),NT,B2b(iii),,
Apidae,Nomada lutea,NA,,NA,,,
Apidae,Nomada luteipes,NA,,NA,,,
Apidae,Nomada maculicornis,LC,,LC,,,
Apidae,Nomada mandibularis,NT,B2b(ii),NT,B2b(ii),Yes,Yes
Apidae,Nomada marshamella,LC,,LC,,,
Apidae,Nomada mauritanica,LC,,LC,,,
Apidae,Nomada mavromoustakisi,LC,,LC,,,
Apidae,Nomada maxschwarzi,DD,,DD,,Yes,Yes
Apidae,Nomada melanopyga,EN,B2ab(iii),EN,B2ab(iii),,
Apidae,Nomada melathoracica,LC,,LC,,,
Apidae,Nomada merceti,LC,,LC,,,
Apidae,Nomada minuscula,LC,,LC,,,
Apidae,Nomada mitaii,NA,,NA,,,
Apidae,Nomada mocsaryi,NT,"B2b(ii,iii)",NT,"B2b(ii,iii)",,
Apidae,Nomada moeschleri,LC,,LC,,,
Apidae,Nomada montarco,DD,,DD,,Yes,Yes
Apidae,Nomada moravitzii,NA,,NA,,,
Apidae,Nomada mutabilis,LC,,LC,,,
Apidae,Nomada mutica,LC,,LC,,,
Apidae,Nomada nausicaa,LC,,LC,,,
Apidae,Nomada nesiotica,LC,,LC,,Yes,Yes
Apidae,Nomada nigrifrons,NA,,NA,,,
Apidae,Nomada nigrilabris,LC,,LC,,,
Apidae,Nomada nigrospina,LC,,LC,,,
Apidae,Nomada nigrovaria,LC,,LC,,,
Apidae,Nomada nobilis,LC,,LC,,,
Apidae,Nomada noskiewiczi,EN,"B2ab(i,ii)",EN,"B2ab(i,ii)",,
Apidae,Nomada numida,NT,B2b(ii),NT,B2b(ii),,
Apidae,Nomada obscura,LC,,LC,,,
Apidae,Nomada obtusifrons,NT,B2b(iii),NT,B2b(iiii),,
Apidae,Nomada oculata,LC,,LC,,,
Apidae,Nomada opaca,NT,"B2b(ii,iii)",NT,"B2b(ii,iii)",,
Apidae,Nomada opaciformis,NA,,NA,,,
Apidae,Nomada oralis,NA,,NA,,,
Apidae,Nomada orbitalis,LC,,LC,,Yes,Yes
Apidae,Nomada ottomanensis,NA,,NA,,,
Apidae,Nomada pallispinosa,LC,,LC,,,
Apidae,Nomada panurgina,LC,,LC,,,
Apidae,Nomada panzeri,LC,,LC,,,
Apidae,Nomada pastoralis,NA,,NA,,,
Apidae,Nomada pectoralis,LC,,LC,,,
Apidae,Nomada piccioliana,LC,,LC,,,
Apidae,Nomada piliventris,NA,,NA,,,
Apidae,Nomada pilosa,NA,,NA,,,
Apidae,Nomada platythorax,DD,,DD,,,
Apidae,Nomada pleurosticta,LC,,LC,,,
Apidae,Nomada polemediana,DD,,DD,,Yes,Yes
Apidae,Nomada posthuma,LC,,LC,,,
Apidae,Nomada priesneri,LC,,LC,,Yes,Yes
Apidae,Nomada propinqua,LC,,LC,,,
Apidae,Nomada pruinosa,LC,,LC,,,
Apidae,Nomada pulchra,EN,"B2ab(ii,iii)",EN,"B2ab(ii,iii)",,
Apidae,Nomada pygidialis,LC,,LC,,,
Apidae,Nomada pyrgosica,LC,,LC,,,
Apidae,Nomada radoszkowskii,NA,,NA,,,
Apidae,Nomada rhenana,VU,B2ab(ii),VU,B2ab(ii),,
Apidae,Nomada roberjeotiana,NT,"B2b(ii,iii)",NT,"B2b(ii,iii)",,
Apidae,Nomada rostrata,NT,"B2b(ii,iii)",NT,"B2b(ii,iii)",,
Apidae,Nomada rubiginosa,LC,,LC,,,
Apidae,Nomada rubricollis,LC,,LC,,,
Apidae,Nomada rubricosa,NA,,NA,,,
Apidae,Nomada rubricoxa,LC,,LC,,Yes,Yes
Apidae,Nomada rubriventris,DD,,DD,,,
Apidae,Nomada ruficornis,LC,,LC,,,
Apidae,Nomada rufipes,LC,,LC,,,
Apidae,Nomada rufoabdominalis,NT,"B2ab(i,ii)",NT,"B2ab(i,ii)",Yes,Yes
Apidae,Nomada sabulosa,NA,,NA,,,
Apidae,Nomada sanguinea,LC,,LC,,,
Apidae,Nomada scheuchli,LC,,LC,,,
Apidae,Nomada serricornis,LC,,LC,,,
Apidae,Nomada sexfasciata,LC,,LC,,,
Apidae,Nomada sheppardana,LC,,LC,,,
Apidae,Nomada sicula,EN,"B2ab(i,ii,iii)",EN,"B2ab(i,ii,iii)",Yes,Yes
Apidae,Nomada signata,LC,,LC,,,
Apidae,Nomada similis,LC,,LC,,Yes,
Apidae,Nomada simulatrix,DD,,DD,,Yes,Yes
Apidae,Nomada smiti,LC,,LC,,Yes,Yes
Apidae,Nomada standfussi,LC,,LC,,Yes,Yes
Apidae,Nomada stigma,LC,,LC,,,
Apidae,Nomada stoeckherti,LC,,LC,,,
Apidae,Nomada striata,LC,,LC,,,
Apidae,Nomada subcornuta,LC,,LC,,Yes,
Apidae,Nomada succincta,LC,,LC,,,
Apidae,Nomada sybarita,EN,"B2ab(i,ii,iii)",EN,"B2ab(i,ii,iii)",,
Apidae,Nomada symphyti,NT,"B2b(iii,v)",NT,"B2b(iii,v)",,
Apidae,Nomada tarsalis,NA,,NA,,,
Apidae,Nomada tenella,EN,"B2ab(ii,iii)",EN,"B2ab(ii,iii)",,
Apidae,Nomada teunisseni,DD,,DD,,Yes,Yes
Apidae,Nomada thersites,EN,B2ab(iii),EN,"B2ab(i,ii)",,
Apidae,Nomada tormentillae,NT,B2b(iii),NT,B2b(iii),,
Apidae,Nomada trapeziformis,EN,"B2ab(i,ii,iii)",EN,"B2ab(i,ii,iii)",,
Apidae,Nomada tridentirostris,LC,,LC,,,
Apidae,Nomada trispinosa,LC,,LC,,,
Apidae,Nomada tuberculifera,DD,,DD,,,
Apidae,Nomada umbrosa,LC,,LC,,,
Apidae,Nomada unica,LC,,LC,,,
Apidae,Nomada unispinosa,DD,,DD,,,
Apidae,Nomada verna,NT,B2b(ii),NT,B2b(ii),Yes,
Apidae,Nomada villosa,NT,B2b(v),NT,B2b(v),,
Apidae,Nomada warnckei,NA,,NA,,,
Apidae,Nomada yarrowi,NA,,,,,
Apidae,Nomada yermasoyiae,DD,,DD,,Yes,Yes
Apidae,Nomada zonata,LC,,LC,,,
Apidae,Parammobatodes maroccanus,NA,,NA,,,
Apidae,Parammobatodes minutus,EN,B2ab(iii),EN,B2ab(iii),,
Apidae,Pasites maculatus,LC,,LC,,,
Apidae,Schmiedeknechtia oraniensis,NA,,NA,,,
Apidae,Tarsalia ancyliformis,LC,,LC,,,
Apidae,Tarsalia hirtipes,NA,,NA,,,
Apidae,Tetralonia alticincta,LC,,LC,,,
Apidae,Tetralonia cinctella,LC,,LC,,,
Apidae,Tetralonia dentata,LC,,LC,,,
Apidae,Tetralonia fulvescens,LC,,LC,,,
Apidae,Tetralonia gennargentui,LC,,LC,,Yes,Yes
Apidae,Tetralonia glauca,LC,,LC,,,
Apidae,Tetralonia graja,LC,,LC,,,
Apidae,Tetralonia hohmanni,LC,,LC,,Yes,Yes
Apidae,Tetralonia iberica,LC,,LC,,,
Apidae,Tetralonia inulae,LC,,LC,,,
Apidae,Tetralonia julliani,LC,,LC,,,
Apidae,Tetralonia lanzarotensis,LC,,LC,,,
Apidae,Tetralonia lyncea,LC,,NT,B2b(iii),Yes,
Apidae,Tetralonia malvae,LC,,LC,,,
Apidae,Tetralonia nana,LC,,LC,,,
Apidae,Tetralonia pollinosa,LC,,LC,,,
Apidae,Tetralonia ruficornis,DD,,DD,,,
Apidae,Tetralonia salicariae,LC,,LC,,,
Apidae,Tetralonia scabiosae,LC,,LC,,,
Apidae,Tetralonia strigata,LC,,LC,,,
Apidae,Tetralonia vicina,LC,,,,,
Apidae,Thyreus affinis,LC,,LC,,,
Apidae,Thyreus elegans,DD,,DD,,,
Apidae,Thyreus hellenicus,DD,,DD,,,
Apidae,Thyreus hirtus,LC,,LC,,,
Apidae,Thyreus histrionicus,LC,,LC,,,
Apidae,Thyreus hohmanni,LC,,LC,,Yes,Yes
Apidae,Thyreus orbatus,LC,,LC,,,
Apidae,Thyreus picaron,LC,,LC,,,
Apidae,Thyreus ramosus,LC,,LC,,,
Apidae,Thyreus scutellaris,DD,,DD,,,
Apidae,Thyreus tricuspis,NA,,NA,,,
Apidae,Thyreus truncatus,LC,,LC,,,
Apidae,Triepeolus tristis,NT,B2b(ii),NT,B2b(ii),,
Apidae,Xylocopa amedaei,NA,,NA,,,
Apidae,Xylocopa cantabrita,LC,,LC,,,
Apidae,Xylocopa iris,LC,,LC,,,
Apidae,Xylocopa nigrita,NA,,NA,,,
Apidae,Xylocopa olivieri,LC,,LC,,,
Apidae,Xylocopa pubescens,LC,,LC,,,
Apidae,Xylocopa valga,LC,,LC,,,
Apidae,Xylocopa violacea,LC,,LC,,,
Apidae,Xylocopa virginica,NA,,NA,,,
Colletidae,Colletes abeillei,LC,,LC,,,
Colletidae,Colletes acutiformis,DD,,DD,,,
Colletidae,Colletes acutus,LC,,LC,,,
Colletidae,Colletes albomaculatus,NT,"B2b(iii,v)",NT,"B2b(iii,v)",,
Colletidae,Colletes anceps,DD,,DD,,,
Colletidae,Colletes anchusae,EN,B2ab(iii),EN,B2ab(iii),,
Colletidae,Colletes brevigena,LC,,LC,,,
Colletidae,Colletes canescens,DD,,DD,,,
Colletidae,Colletes carinatus,LC,,LC,,,
Colletidae,Colletes cariniger,LC,,LC,,,
Colletidae,Colletes caskanus,DD,,DD,,,
Colletidae,Colletes caspicus,EN,"B2ab(i,iii)",CR," B2ab(i,iii)",,
Colletidae,Colletes chengtehensis,VU,B2ab(iii),EN,B2ab(iii),,
Colletidae,Colletes collaris,EN,B2ab(iii),EN,B2ab(iii),,
Colletidae,Colletes creticus,LC,,LC,,Yes,Yes
Colletidae,Colletes cunicularius,LC,,LC,,,
Colletidae,Colletes cyprius,LC,,LC,,Yes,Yes
Colletidae,Colletes daviesanus,LC,,LC,,,
Colletidae,Colletes dimidiatus,LC,,LC,,Yes,Yes
Colletidae,Colletes dinizi,LC,,LC,,Yes,Yes
Colletidae,Colletes dusmeti,LC,,LC,,,
Colletidae,Colletes eous,LC,,LC,,,
Colletidae,Colletes escalerai,NA,,NA,,,
Colletidae,Colletes floralis,NT,B2ab(iii),NT,B2ab(iii),,
Colletidae,Colletes fodiens,NT,B2ab(iii),NT,B2ab(iii),,
Colletidae,Colletes foveolaris,LC,,LC,,,
Colletidae,Colletes gallicus,LC,,LC,,,
Colletidae,Colletes graeffei,EN,"B2ab(ii,iii)",EN,"B2ab(ii,iii)",,
Colletidae,Colletes halophilus,NT,B2b(iii),NT,B2b(iii),Yes,
Colletidae,Colletes hederae,LC,,LC,,Yes,
Colletidae,Colletes hethiticus,DD,,DD,,,
Colletidae,Colletes hylaeiformis,LC,,LC,,,
Colletidae,Colletes impunctatus,NT,B2b(iii),NT,B2ab(iii),,
Colletidae,Colletes inexpectatus,LC,,LC,,,
Colletidae,Colletes intricans,NA,,NA,,,
Colletidae,Colletes jansmiti,DD,,DD,,Yes,Yes
Colletidae,Colletes kozlovi,DD,,DD,,,
Colletidae,Colletes ligatus,LC,,LC,,,
Colletidae,Colletes maidli,LC,,LC,,,
Colletidae,Colletes marginatus,LC,,LC,,,
Colletidae,Colletes merceti,CR,"B1ab(ii,iii)+2ab(ii,iii)",CR,"B1ab(ii,iii)+2ab(ii,iii)",Yes,Yes
Colletidae,Colletes meyeri,EN,B2ab(iii),EN,B2ab(iii),,
Colletidae,Colletes mlokossewiczi,LC,,LC,,,
Colletidae,Colletes moricei,VU,B1ab(iii)+2ab(iii),VU,B1ab(iii)+2ab(iii),Yes,Yes
Colletidae,Colletes nasutus,EN,"B2ab(ii,iii)",EN,"B2ab(ii,iii)",,
Colletidae,Colletes nigricans,LC,,LC,,,
Colletidae,Colletes noskiewiczi,LC,,LC,,,
Colletidae,Colletes pannonicus,LC,,LC,,Yes,Yes
Colletidae,Colletes perezi,LC,,LC,,,
Colletidae,Colletes pulchellus,VU,B2ab(iii),VU,B2ab(iii),Yes,Yes
Colletidae,Colletes punctatus,EN,B2ab(iii),EN,B2ab(iii),,
Colletidae,Colletes schmidi,NT,B1b(iii)+2b(iii),NT,B1b(iii)+2b(iii),Yes,Yes
Colletidae,Colletes senilis,DD,,DD,,,
Colletidae,Colletes sidemii,NA,,,,,
Colletidae,Colletes sierrensis,EN,"B2ab(ii,iii)",EN,"B2ab(ii,iii)",Yes,
Colletidae,Colletes similis,LC,,LC,,,
Colletidae,Colletes squamulosus,NA,,NA,,,
Colletidae,Colletes standfussi,DD,,DD,,Yes,Yes
Colletidae,Colletes succinctus,LC,,LC,,,
Colletidae,Colletes tardus,DD,,,,Yes,
Colletidae,Colletes tuberculatus,LC,,LC,,,
Colletidae,Colletes tuberculiger,LC,,LC,,Yes,Yes
Colletidae,Colletes wacki,NA,,,,,
Colletidae,Colletes wolfi,EN,B2ab(iii),EN,B2ab(iii),Yes,Yes
Colletidae,Hylaeus absolutus,DD,,DD,,,
Colletidae,Hylaeus adriaticus,LC,,LC,,Yes,
Colletidae,Hylaeus alpinus,LC,,LC,,Yes,
Colletidae,Hylaeus angustatus,LC,,LC,,,
Colletidae,Hylaeus annularis,LC,,LC,,,
Colletidae,Hylaeus annulatus,LC,,LC,,,
Colletidae,Hylaeus ater,LC,,LC,,Yes,Yes
Colletidae,Hylaeus azorae,DD,,DD,,Yes,Yes
Colletidae,Hylaeus biarmicus,NA,,NA,,,
Colletidae,Hylaeus bifasciatus,NT,B2a,NT,B2a,,
Colletidae,Hylaeus brachycephalus,LC,,LC,,,
Colletidae,Hylaeus brevicornis,LC,,LC,,,
Colletidae,Hylaeus canariensis,LC,,LC,,Yes,Yes
Colletidae,Hylaeus cardioscapus,LC,,LC,,,
Colletidae,Hylaeus clypearis,LC,,LC,,,
Colletidae,Hylaeus communis,LC,,LC,,,
Colletidae,Hylaeus conformis,NA,,NA,,,
Colletidae,Hylaeus confusus,LC,,LC,,,
Colletidae,Hylaeus convergens,LC,,LC,,Yes,Yes
Colletidae,Hylaeus coriaceus,LC,,LC,,,
Colletidae,Hylaeus cornutus,LC,,LC,,,
Colletidae,Hylaeus crassanus,NT,B2b(ii),NT,B2b(ii),,
Colletidae,Hylaeus cypricola,LC,,LC,,,
Colletidae,Hylaeus deceptorius,LC,,LC,,Yes,Yes
Colletidae,Hylaeus decipiens,LC,,LC,,Yes,
Colletidae,Hylaeus difformis,LC,,LC,,,
Colletidae,Hylaeus dilatatus,LC,,LC,,,
Colletidae,Hylaeus duckei,LC,,LC,,,
Colletidae,Hylaeus euryscapus,LC,,LC,,,
Colletidae,Hylaeus friesei,NT,B2b(iii),NT,B2b(iii),Yes,
Colletidae,Hylaeus garrulus,LC,,LC,,Yes,Yes
Colletidae,Hylaeus gazagnairei,NA,,NA,,,
Colletidae,Hylaeus gibbus,LC,,LC,,,
Colletidae,Hylaeus glacialis,EN,"B2ab(iii,v)",EN,"B2ab(iii,v)",,
Colletidae,Hylaeus gracilicornis,LC,,LC,,,
Colletidae,Hylaeus gredleri,LC,,LC,,,
Colletidae,Hylaeus hellenicus,EN,B1ab(iii)+2ab(iii),EN,B1ab(iii)+2ab(iii),Yes,Yes
Colletidae,Hylaeus hohmanni,LC,,LC,,Yes,Yes
Colletidae,Hylaeus hyalinatus,LC,,LC,,,
Colletidae,Hylaeus hyperpunctatus,LC,,LC,,Yes,
Colletidae,Hylaeus hyrcanius,NA,,,,,
Colletidae,Hylaeus ibericus,EN,B2ab(iii),EN,B2ab(iii),Yes,Yes
Colletidae,Hylaeus imparilis,LC,,LC,,,
Colletidae,Hylaeus incongruus,LC,,LC,,,
Colletidae,Hylaeus intermedius,LC,,LC,,,
Colletidae,Hylaeus kahri,LC,,LC,,,
Colletidae,Hylaeus koenigsmanni,EN,B1ab(iii)+2ab(iii),EN,B1ab(iii)+2ab(iii),Yes,Yes
Colletidae,Hylaeus leptocephalus,LC,,LC,,,
Colletidae,Hylaeus lineolatus,LC,,LC,,,
Colletidae,Hylaeus longimacula,LC,,LC,,,
Colletidae,Hylaeus maderensis,DD,,DD,,Yes,Yes
Colletidae,Hylaeus mariannae,EN,B1ab(iii)+2ab(iii),EN,B1ab(iii)+2ab(iii),Yes,Yes
Colletidae,Hylaeus meridionalis,DD,,DD,,,
Colletidae,Hylaeus moniae,DD,,DD,,Yes,Yes
Colletidae,Hylaeus nigrifacies,LC,,LC,,,
Colletidae,Hylaeus nigritus,LC,,LC,,,
Colletidae,Hylaeus nivaliformis,LC,,LC,,Yes,
Colletidae,Hylaeus nivalis,LC,,LC,,Yes,
Colletidae,Hylaeus pallidicornis,DD,,,,,
Colletidae,Hylaeus paulus,LC,,LC,,,
Colletidae,Hylaeus pectoralis,LC,,LC,,,
Colletidae,Hylaeus penalaris,LC,,LC,,Yes,Yes
Colletidae,Hylaeus pfankuchi,LC,,LC,,,
Colletidae,Hylaeus pictipes,LC,,LC,,,
Colletidae,Hylaeus pictus,LC,,LC,,,
Colletidae,Hylaeus pilosulus,LC,,LC,,,
Colletidae,Hylaeus punctatus,LC,,LC,,,
Colletidae,Hylaeus punctulatissimus,LC,,LC,,,
Colletidae,Hylaeus punctus,LC,,LC,,,
Colletidae,Hylaeus purpurissatus,LC,,LC,,,
Colletidae,Hylaeus pyrenaicus,NT,B2b(iii),NT,B2b(iii),Yes,
Colletidae,Hylaeus rinki,LC,,LC,,,
Colletidae,Hylaeus rubicola,LC,,LC,,,
Colletidae,Hylaeus rugicollis,DD,,,,,
Colletidae,Hylaeus scutellaris,NA,,,,,
Colletidae,Hylaeus scutellatus,LC,,LC,,,
Colletidae,Hylaeus sidensis,DD,,DD,,,
Colletidae,Hylaeus signatus,LC,,LC,,,
Colletidae,Hylaeus sinuatus,LC,,LC,,,
Colletidae,Hylaeus soror,LC,,LC,,,
Colletidae,Hylaeus styriacus,LC,,LC,,,
Colletidae,Hylaeus sulphuripes,LC,,LC,,,
Colletidae,Hylaeus taeniolatus,LC,,LC,,,
Colletidae,Hylaeus teruelus,LC,,LC,,Yes,Yes
Colletidae,Hylaeus trifidus,LC,,LC,,,
Colletidae,Hylaeus trinotatus,LC,,LC,,,
Colletidae,Hylaeus tyrolensis,LC,,LC,,,
Colletidae,Hylaeus variegatus,LC,,LC,,,
Halictidae,Ceylalictus variegatus,LC,,LC,,,
Halictidae,Dufourea alpina,LC,,LC,,Yes,
Halictidae,Dufourea balearica,VU,D2,VU,D2,Yes,Yes
Halictidae,Dufourea coeruleocephala,DD,,,,Yes,
Halictidae,Dufourea cypria,DD,,DD,,,
Halictidae,Dufourea dentiventris,NT,A2c,NT,A2c,,
Halictidae,Dufourea fortunata,DD,,DD,,Yes,Yes
Halictidae,Dufourea gaullei,LC,,LC,,,
Halictidae,Dufourea graeca,LC,,LC,,,
Halictidae,Dufourea halictula,VU,B2ab(iii),VU,B2ab(iii),,
Halictidae,Dufourea inermis,EN,B2ab(iii),EN,B2ab(iii),,
Halictidae,Dufourea iris,DD,,DD,,Yes,Yes
Halictidae,Dufourea longiglossa,DD,,DD,,Yes,Yes
Halictidae,Dufourea lusitanica,LC,,LC,,Yes,Yes
Halictidae,Dufourea merceti,DD,,DD,,Yes,Yes
Halictidae,Dufourea minuta,VU,B2ab(iii),VU,B2ab(iii),,
Halictidae,Dufourea paradoxa,LC,,LC,,,
Halictidae,Dufourea similis,NA,,NA,,,
Halictidae,Dufourea styx,LC,,LC,,Yes,
Halictidae,Dufourea trautmanni,LC,,LC,,Yes,Yes
Halictidae,Dufourea wolfi,LC,,LC,,,
Halictidae,Halictus adjikenticus,EN,B2ab(iii),EN,B2ab(iii),,
Halictidae,Halictus alfkenellus,DD,,DD,,,
Halictidae,Halictus asperulus,LC,,LC,,,
Halictidae,Halictus brunnescens,LC,,LC,,,
Halictidae,Halictus candiae,EN,B2ab(iii),EN,B2ab(iii),Yes,Yes
Halictidae,Halictus carinthiacus,EN,B2ab(iii),EN,B2ab(iii),Yes,
Halictidae,Halictus centaureae,NT,B2a,NT,B2a,Yes,
Halictidae,Halictus cochlearitarsis,LC,,LC,,,
Halictidae,Halictus compressus,LC,,LC,,,
Halictidae,Halictus consobrinus,DD,,DD,,,
Halictidae,Halictus constantinensis,NA,,NA,,,
Halictidae,Halictus crenicornis,LC,,LC,,Yes,Yes
Halictidae,Halictus fatsensis,LC,,LC,,,
Halictidae,Halictus frontalis,LC,,LC,,Yes,Yes
Halictidae,Halictus fulvipes,LC,,LC,,,
Halictidae,Halictus fumatipennis,DD,,DD,,Yes,Yes
Halictidae,Halictus graecus,NT,B2ab(iii),NT,B2ab(iii),,
Halictidae,Halictus grossellus,DD,,DD,,,
Halictidae,Halictus gruenwaldti,LC,,LC,,Yes,Yes
Halictidae,Halictus holomelaenus,LC,,LC,,Yes,Yes
Halictidae,Halictus jaramielicus,DD,,DD,,Yes,Yes
Halictidae,Halictus langobardicus,LC,,LC,,Yes,
Halictidae,Halictus luganicus,NA,,,,,
Halictidae,Halictus lussinicus,DD,,DD,,Yes,
Halictidae,Halictus maculatus,LC,,LC,,,
Halictidae,Halictus mediterranellus,NT,B2a,NT,B2a,Yes,Yes
Halictidae,Halictus minor,NA,,,,,
Halictidae,Halictus nicosiae,LC,,LC,,Yes,Yes
Halictidae,Halictus patellatus,LC,,LC,,,
Halictidae,Halictus pentheri,NT,B2b(ii),NT,B2b(ii),,
Halictidae,Halictus ponticus,DD,,DD,,Yes,
Halictidae,Halictus pseudotetrazonius,DD,,DD,,Yes,Yes
Halictidae,Halictus pyrenaeus,EN,B1ab(iii)+2ab(iii),EN,B1ab(iii)+2ab(iii),Yes,Yes
Halictidae,Halictus quadricinctus,LC,,LC,,,
Halictidae,Halictus quadripartitus,LC,,LC,,Yes,Yes
Halictidae,Halictus resurgens,LC,,LC,,,
Halictidae,Halictus rossicus,DD,,,,Yes,
Halictidae,Halictus rubicundus,LC,,LC,,,
Halictidae,Halictus rufipes,NA,,NA,,,
Halictidae,Halictus sajoi,LC,,LC,,,
Halictidae,Halictus scabiosae,LC,,LC,,,
Halictidae,Halictus senilis,NA,,NA,,,
Halictidae,Halictus sexcinctus,LC,,LC,,,
Halictidae,Halictus simplex,LC,,LC,,,
Halictidae,Halictus subsenilis,DD,,DD,,,
Halictidae,Halictus tetrazonianellus,LC,,LC,,,
Halictidae,Halictus tetrazonius,NT,A2c,NT,A2c,,
Halictidae,Halictus toparensis,DD,,DD,,Yes,Yes
Halictidae,Halictus tridivisus,DD,,DD,,Yes,Yes
Halictidae,Lasioglossum acephaloides,NT,B2b(ii),NT,B2b(ii),,
Halictidae,Lasioglossum aegyptiellum,LC,,LC,,,
Halictidae,Lasioglossum aeratum,LC,,LC,,,
Halictidae,Lasioglossum akroundicum,LC,,LC,,Yes,Yes
Halictidae,Lasioglossum albipes,LC,,LC,,,
Halictidae,Lasioglossum albocinctum,LC,,LC,,,
Halictidae,Lasioglossum albovirens,NT,B2b(iii),NT,B2b(iii),,
Halictidae,Lasioglossum algericolellum,LC,,LC,,,
Halictidae,Lasioglossum algirum,EN,B2ab(iii),EN,B2ab(iii),,
Halictidae,Lasioglossum alinense,NA,,,,,
Halictidae,Lasioglossum alpigenum,LC,,LC,,Yes,
Halictidae,Lasioglossum andromeda,NA,,NA,,,
Halictidae,Lasioglossum anellum,LC,,LC,,,
Halictidae,Lasioglossum angusticeps,NT,B2b(iii),NT,B2b(iii),,
Halictidae,Lasioglossum angustipes,LC,,LC,,,
Halictidae,Lasioglossum annulipes,NA,,NA,,,
Halictidae,Lasioglossum aphrodite,LC,,LC,,Yes,Yes
Halictidae,Lasioglossum apostoli,DD,,DD,,,
Halictidae,Lasioglossum arctifrons,LC,,LC,,Yes,Yes
Halictidae,Lasioglossum ariadne,VU,B1ab(iii)+2ab(iii),VU,B1ab(iii)+2ab(iii),Yes,Yes
Halictidae,Lasioglossum articulare,DD,,DD,,,
Halictidae,Lasioglossum asellum,NA,,NA,,,
Halictidae,Lasioglossum aureimontanum,DD,,DD,,Yes,Yes
Halictidae,Lasioglossum aureolum,LC,,LC,,,
Halictidae,Lasioglossum bavaricum,LC,,LC,,Yes,
Halictidae,Lasioglossum bicallosum,DD,,DD,,,
Halictidae,Lasioglossum bimaculatum,LC,,LC,,,
Halictidae,Lasioglossum bischoffi,LC,,LC,,,
Halictidae,Lasioglossum bluethgeni,LC,,LC,,,
Halictidae,Lasioglossum boreale,NT,B2b(iii),NT,B2b(iii),,
Halictidae,Lasioglossum brevicorne,LC,,LC,,,
Halictidae,Lasioglossum breviventre,EN,"B2ab(i,ii)",EN,"B2ab(i,ii)",Yes,
Halictidae,Lasioglossum buccale,NT,B2b(iii),NT,B2b(iii),,
Halictidae,Lasioglossum calceatum,LC,,LC,,,
Halictidae,Lasioglossum callizonium,LC,,LC,,,
Halictidae,Lasioglossum capitale,LC,,LC,,,
Halictidae,Lasioglossum castilianum,LC,,LC,,Yes,Yes
Halictidae,Lasioglossum chalcodes,VU,"B1ab(ii,iii)+2ab(ii,iii)",VU,"B1ab(ii,iii)+2ab(ii,iii)",Yes,Yes
Halictidae,Lasioglossum clypeare,NT,B2b(iii),NT,B2b(iii),,
Halictidae,Lasioglossum clypeiferellum,LC,,LC,,,
Halictidae,Lasioglossum collopiense,LC,,LC,,,
Halictidae,Lasioglossum convexiusculum,NT,B2b(iii),NT,B2b(iii),,
Halictidae,Lasioglossum corsicanum,LC,,LC,,Yes,Yes
Halictidae,Lasioglossum corvinum,LC,,LC,,,
Halictidae,Lasioglossum costulatum,LC,,LC,,,
Halictidae,Lasioglossum crassepunctatum,LC,,LC,,,
Halictidae,Lasioglossum cristula,LC,,LC,,,
Halictidae,Lasioglossum cupromicans,LC,,LC,,,
Halictidae,Lasioglossum damascenum,LC,,LC,,,
Halictidae,Lasioglossum danuvium,NT,B2b(iii),NT,B2b(iii),Yes,
Halictidae,Lasioglossum debilior,NA,,NA,,,
Halictidae,Lasioglossum denislucum,DD,,DD,,,
Halictidae,Lasioglossum discus,LC,,LC,,,
Halictidae,Lasioglossum dolichocephalum,LC,,LC,,,
Halictidae,Lasioglossum duckei,LC,,LC,,,
Halictidae,Lasioglossum dusmeti,LC,,LC,,Yes,Yes
Halictidae,Lasioglossum edessae,NA,,NA,,,
Halictidae,Lasioglossum elegans,LC,,LC,,,
Halictidae,Lasioglossum ellipticeps,NA,,NA,,,
Halictidae,Lasioglossum epipygiale,NA,,NA,,,
Halictidae,Lasioglossum erraticum,LC,,LC,,,
Halictidae,Lasioglossum euboeense,VU,B2ab(iv),VU,B2ab(iv),,
Halictidae,Lasioglossum eurasicum,LC,,LC,,Yes,
Halictidae,Lasioglossum euxanthopus,NA,,NA,,,
Halictidae,Lasioglossum euxinicum,NA,,NA,,,
Halictidae,Lasioglossum fallax,NA,,,,,
Halictidae,Lasioglossum fratellum,LC,,LC,,,
Halictidae,Lasioglossum fulvicorne,LC,,LC,,,
Halictidae,Lasioglossum gilanum,NA,,,,,
Halictidae,Lasioglossum glabriusculum,LC,,LC,,,
Halictidae,Lasioglossum glaciegenitum,NA,,NA,,,
Halictidae,Lasioglossum gorkiense,NA,,,,,
Halictidae,Lasioglossum griseolum,LC,,LC,,,
Halictidae,Lasioglossum haesitans,LC,,LC,,,
Halictidae,Lasioglossum hethiticum,NA,,NA,,,
Halictidae,Lasioglossum hilare,NA,,NA,,,
Halictidae,Lasioglossum ibericum,LC,,LC,,Yes,Yes
Halictidae,Lasioglossum imbecillum,LC,,LC,,,
Halictidae,Lasioglossum immunitum,LC,,LC,,,
Halictidae,Lasioglossum intermedium,NT,B2b(iii),NT,B2b(iii),,
Halictidae,Lasioglossum interruptum,LC,,LC,,,
Halictidae,Lasioglossum kirgisicum,NA,,,,,
Halictidae,Lasioglossum kotschyi,DD,,DD,,Yes,Yes
Halictidae,Lasioglossum kussariense,LC,,LC,,,
Halictidae,Lasioglossum laeve,VU,"B2ab(i,ii)",VU," B2ab(i,ii)",,
Halictidae,Lasioglossum laevidorsum,NT,B2b(ii),NT,B2b(ii),,
Halictidae,Lasioglossum laevigatum,LC,,LC,,,
Halictidae,Lasioglossum laterale,NT,B2a,NT,B2a,,
Halictidae,Lasioglossum laticeps,LC,,LC,,,
Halictidae,Lasioglossum lativentre,LC,,LC,,,
Halictidae,Lasioglossum leucomontanum,EN,B1ab(iii)+2ab(iii),EN,B1ab(iii)+2ab(iii),Yes,Yes
Halictidae,Lasioglossum leucopus,LC,,LC,,,
Halictidae,Lasioglossum leucozonium,LC,,LC,,,
Halictidae,Lasioglossum limbelloides,LC,,LC,,,
Halictidae,Lasioglossum limbellum,LC,,LC,,,
Halictidae,Lasioglossum lineare,LC,,LC,,,
Halictidae,Lasioglossum lissonotum,NT,B2b(v),NT,B2b(v),Yes,
Halictidae,Lasioglossum littorale,NT,B2b(iii),NT,B2b(iii),,
Halictidae,Lasioglossum loetum,LC,,LC,,Yes,Yes
Halictidae,Lasioglossum longirostre,NA,,NA,,,
Halictidae,Lasioglossum lucidulum,LC,,LC,,,
Halictidae,Lasioglossum majus,LC,,LC,,,
Halictidae,Lasioglossum malachurum,LC,,LC,,,
Halictidae,Lasioglossum mandibulare,NT,B2b(iii),NT,B2b(iii),,
Halictidae,Lasioglossum marginatum,LC,,LC,,,
Halictidae,Lasioglossum marginellum,NT,B2b(ii),NT,B2b(ii),,
Halictidae,Lasioglossum maurusium,NT,B2b(iii),NT,B2b(iii),,
Halictidae,Lasioglossum medinai,LC,,LC,,,
Halictidae,Lasioglossum mediterraneum,LC,,LC,,,
Halictidae,Lasioglossum mesosclerum,LC,,LC,,,
Halictidae,Lasioglossum minutissimum,LC,,LC,,,
Halictidae,Lasioglossum minutulum,NT,B2b(iii),NT,B2b(iii),Yes,
Halictidae,Lasioglossum monstrificum,LC,,LC,,,
Halictidae,Lasioglossum montivolans,DD,,DD,,Yes,Yes
Halictidae,Lasioglossum morio,LC,,LC,,,
Halictidae,Lasioglossum musculoides,NA,,NA,,,
Halictidae,Lasioglossum nigripes,LC,,LC,,,
Halictidae,Lasioglossum nitidiusculum,LC,,LC,,,
Halictidae,Lasioglossum nitidulum,LC,,LC,,,
Halictidae,Lasioglossum niveocinctum,NA,,,,,
Halictidae,Lasioglossum obscuratum,LC,,LC,,,
Halictidae,Lasioglossum orihuelicum,NT,B2b(iii),NT,B2b(iii),Yes,Yes
Halictidae,Lasioglossum pallens,LC,,LC,,,
Halictidae,Lasioglossum pallidum,NA,,,,,
Halictidae,Lasioglossum parvulum,LC,,LC,,,
Halictidae,Lasioglossum pauperatum,LC,,LC,,,
Halictidae,Lasioglossum pauxillum,LC,,LC,,,
Halictidae,Lasioglossum perclavipes,LC,,LC,,,
Halictidae,Lasioglossum peregrinum,VU,B2ab(iii),VU,B2ab(iii),,
Halictidae,Lasioglossum phoenicurum,DD,,DD,,,
Halictidae,Lasioglossum pleurospeculum,NT,B2b(iii),NT,B2b(iii),Yes,
Halictidae,Lasioglossum podolicum,LC,,LC,,,
Halictidae,Lasioglossum politum,LC,,LC,,,
Halictidae,Lasioglossum prasinum,LC,,LC,,,
Halictidae,Lasioglossum pressithorax,LC,,LC,,,
Halictidae,Lasioglossum prunellum,NA,,NA,,,
Halictidae,Lasioglossum pseudocaspicum,LC,,LC,,,
Halictidae,Lasioglossum pseudoleptocephalum,NT,B2a,NT,B2a,,
Halictidae,Lasioglossum pseudoplanulum,LC,,LC,,,
Halictidae,Lasioglossum punctatissimum,LC,,LC,,,
Halictidae,Lasioglossum puncticolle,LC,,LC,,,
Halictidae,Lasioglossum pygmaeum,LC,,LC,,,
Halictidae,Lasioglossum quadrinotatulum,LC,,LC,,,
Halictidae,Lasioglossum quadrinotatum,LC,,LC,,,
Halictidae,Lasioglossum quadrisignatum,EN,B2ab(iii),EN,B2ab(iii) ,,
Halictidae,Lasioglossum ragusanum,LC,,LC,,Yes,
Halictidae,Lasioglossum rostratum,NA,,,,,
Halictidae,Lasioglossum rufitarse,LC,,LC,,,
Halictidae,Lasioglossum rupestre,NA,,NA,,,
Halictidae,Lasioglossum salinum,NA,,NA,,,
Halictidae,Lasioglossum samaricum,DD,,DD,,,
Halictidae,Lasioglossum semilucens,LC,,LC,,,
Halictidae,Lasioglossum setulellum,EN,B2ab(iii),EN,B2ab(iii),,
Halictidae,Lasioglossum setulosum,EN,B2ab(iii),EN,B2ab(iii),Yes,
Halictidae,Lasioglossum sexmaculatum,NT,B2b(iii),NT,B2b(iii),,
Halictidae,Lasioglossum sexnotatulum,EN,B2ab(v),EN,B2ab(v),,
Halictidae,Lasioglossum sexnotatum,LC,,LC,,,
Halictidae,Lasioglossum sexstrigatum,LC,,LC,,,
Halictidae,Lasioglossum smeathmanellum,LC,,LC,,,
Halictidae,Lasioglossum soror,LC,,LC,,,
Halictidae,Lasioglossum sphecodimorphum,LC,,LC,,,
Halictidae,Lasioglossum strictifrons,NT,B2b(iii),NT,B2b(iii),,
Halictidae,Lasioglossum subaenescens,NT,B2a,NT,B2a,,
Halictidae,Lasioglossum subfasciatum,VU,B2ab(iii),VU,B2ab(iii),,
Halictidae,Lasioglossum subfulvicorne,LC,,LC,,,
Halictidae,Lasioglossum subhirtum,LC,,LC,,,
Halictidae,Lasioglossum tarsatum,NT,B2b(iii),NT,B2b(iii),,
Halictidae,Lasioglossum tauricum,DD,,,,Yes,
Halictidae,Lasioglossum transitorium,LC,,LC,,,
Halictidae,Lasioglossum trichopygum,LC,,LC,,,
Halictidae,Lasioglossum tricinctum,LC,,LC,,,
Halictidae,Lasioglossum truncaticolle,LC,,LC,,,
Halictidae,Lasioglossum tschibuklinum,DD,,DD,,,
Halictidae,Lasioglossum tungusicum,NA,,,,,
Halictidae,Lasioglossum vergilianum,DD,,DD,,Yes,Yes
Halictidae,Lasioglossum villosulum,LC,,LC,,,
Halictidae,Lasioglossum virens,VU,B2ab(iii),VU,B2ab(iii),,
Halictidae,Lasioglossum viride,LC,,LC,,Yes,Yes
Halictidae,Lasioglossum wollastoni,LC,,LC,,Yes,Yes
Halictidae,Lasioglossum xanthopus,LC,,LC,,,
Halictidae,Lasioglossum zonulum,LC,,LC,,,
Halictidae,Nomiapis bispinosa,LC,,LC,,,
Halictidae,Nomiapis diversipes,LC,,LC,,,
Halictidae,Nomiapis equestris,LC,,LC,,,
Halictidae,Nomiapis femoralis,EN,"B2ab(ii,iii,iv,v)",EN,"B2ab(ii,iii,iv,v)",,
Halictidae,Nomiapis fugax,NA,,,,,
Halictidae,Nomiapis monstrosa,LC,,LC,,,
Halictidae,Nomiapis paulyi,LC,,LC,,Yes,Yes
Halictidae,Nomiapis rufiventris,NA,,NA,,,
Halictidae,Nomiapis susannae,LC,,LC,,Yes,Yes
Halictidae,Nomiapis valga,EN,B2ab(ii),EN,B2ab(ii),,
Halictidae,Nomioides chalybeatus,NA,,NA,,,
Halictidae,Nomioides deceptor,LC,,LC,,,
Halictidae,Nomioides facilis,LC,,LC,,,
Halictidae,Nomioides fortunatus,LC,,LC,,,
Halictidae,Nomioides minutissimus,LC,,LC,,,
Halictidae,Nomioides pulverosus,NA,,,,,
Halictidae,Pseudapis elegantissima,NA,,,,,
Halictidae,Rhophitoides canus,LC,,NT,B2b(ii),,
Halictidae,Rhophitoides epiroticus,LC,,LC,,Yes,
Halictidae,Rophites algirus,LC,,LC,,,
Halictidae,Rophites clypealis,NA,,NA,,,
Halictidae,Rophites foveolatus,NA,,NA,,,
Halictidae,Rophites hartmanni,LC,,LC,,,
Halictidae,Rophites hellenicus,LC,,LC,,Yes,
Halictidae,Rophites leclercqi,DD,,DD,,,
Halictidae,Rophites quinquespinosus,VU,B2ab(v),VU,B2ab(v),,
Halictidae,Rophites thracius,DD,,DD,,Yes,Yes
Halictidae,Seladonia cephalica,LC,,LC,,,
Halictidae,Seladonia concinna,LC,,LC,,Yes,Yes
Halictidae,Seladonia confusa,LC,,LC,,,
Halictidae,Seladonia cretella,LC,,LC,,Yes,Yes
Halictidae,Seladonia cyprica,NA,,NA,,,
Halictidae,Seladonia gavarnica,LC,,LC,,,
Halictidae,Seladonia gemmea,LC,,LC,,,
Halictidae,Seladonia gemmella,LC,,LC,,,
Halictidae,Seladonia inpilosa,NT,B2b(iii),NT,B2b(iii),Yes,Yes
Halictidae,Seladonia kessleri,LC,,LC,,,
Halictidae,Seladonia leucahenea,LC,,LC,,,
Halictidae,Seladonia microcardia,EN,B1ab(iii)+2ab(iii),EN,B1ab(iii)+2ab(iii),Yes,Yes
Halictidae,Seladonia mucorea,NT,B2b(iii),NT,B2b(iii),,
Halictidae,Seladonia orientana,LC,,LC,,,
Halictidae,Seladonia phryganica,LC,,LC,,,
Halictidae,Seladonia pollinosa,LC,,LC,,,
Halictidae,Seladonia pseudomucorea,NA,,,,,
Halictidae,Seladonia pulverea,DD,,DD,,,
Halictidae,Seladonia seladonia,LC,,LC,,,
Halictidae,Seladonia semitecta,EN,B2ab(iii),EN,B2ab(iii),,
Halictidae,Seladonia semitica,NA,,NA,,,
Halictidae,Seladonia smaragdula,LC,,LC,,,
Halictidae,Seladonia subaurata,LC,,LC,,,
Halictidae,Seladonia submediterranea,LC,,LC,,,
Halictidae,Seladonia tuberculata,NA,,,,,
Halictidae,Seladonia tumulorum,LC,,LC,,,
Halictidae,Seladonia vestita,DD,,DD,,,
Halictidae,Sphecodes aetnensis,DD,,DD,,Yes,Yes
Halictidae,Sphecodes albilabris,LC,,LC,,,
Halictidae,Sphecodes algeriensis,LC,,LC,,,
Halictidae,Sphecodes alternatus,LC,,LC,,,
Halictidae,Sphecodes anatolicus,NT,B2a,NT,B2a,,
Halictidae,Sphecodes atlanticus,VU,B1ab(iii)+2ab(iii),VU,B1ab(iii)+B2ab(iii),,
Halictidae,Sphecodes barbatus,NA,,NA,,,
Halictidae,Sphecodes combai,LC,,LC,,Yes,Yes
Halictidae,Sphecodes crassanus,LC,,LC,,,
Halictidae,Sphecodes crassus,LC,,LC,,,
Halictidae,Sphecodes creticus,LC,,LC,,Yes,Yes
Halictidae,Sphecodes cristatus,NT,B2b(iii),NT,B2b(iii),,
Halictidae,Sphecodes croaticus,LC,,LC,,,
Halictidae,Sphecodes cypricus,LC,,LC,,Yes,Yes
Halictidae,Sphecodes dusmeti,NT,B2b(iii),NT,B2b(iii),,
Halictidae,Sphecodes ephippius,LC,,LC,,,
Halictidae,Sphecodes ferruginatus,LC,,LC,,,
Halictidae,Sphecodes geoffrellus,LC,,LC,,,
Halictidae,Sphecodes gibbus,LC,,LC,,,
Halictidae,Sphecodes gomerensis,NT,B2b(iii),NT,B2b(iii),Yes,Yes
Halictidae,Sphecodes hirtellus,LC,,LC,,,
Halictidae,Sphecodes hyalinatus,LC,,LC,,,
Halictidae,Sphecodes intermedius,NT,B2b(iii),NT,B2b(iii),,
Halictidae,Sphecodes larochei,LC,,LC,,Yes,Yes
Halictidae,Sphecodes longuloides,LC,,LC,,,
Halictidae,Sphecodes longulus,LC,,LC,,,
Halictidae,Sphecodes majalis,LC,,LC,,,
Halictidae,Sphecodes marginatus,LC,,LC,,,
Halictidae,Sphecodes miniatus,LC,,LC,,,
Halictidae,Sphecodes monilicornis,LC,,LC,,,
Halictidae,Sphecodes niger,LC,,LC,,,
Halictidae,Sphecodes nomioidis,LC,,LC,,,
Halictidae,Sphecodes olivieri,NT,"B2ab(i,ii)",NT,"B2ab(i,ii)",,
Halictidae,Sphecodes pellucidus,LC,,LC,,,
Halictidae,Sphecodes piceohirtus,NT,B2b(iii),NT,B2b(iii),Yes,Yes
Halictidae,Sphecodes pinguiculus,EN,B2ab(iii),EN,B2ab(iii),,
Halictidae,Sphecodes pseudocrassus,DD,,DD,,Yes,Yes
Halictidae,Sphecodes pseudofasciatus,LC,,LC,,,
Halictidae,Sphecodes puncticeps,LC,,LC,,,
Halictidae,Sphecodes reticulatus,LC,,LC,,,
Halictidae,Sphecodes rubicundus,NT,B2b(iii),NT,B2b(iii),,
Halictidae,Sphecodes rubripes,LC,,LC,,Yes,Yes
Halictidae,Sphecodes ruficrus,LC,,LC,,,
Halictidae,Sphecodes rufiventris,LC,,LC,,,
Halictidae,Sphecodes scabricollis,NT,B2b(iii),NT,B2b(iii),,
Halictidae,Sphecodes schenckii,NT,B2b(iii),NT,B2b(iii),,
Halictidae,Sphecodes spinulosus,NT,B2b(iii),NT,B2b(iii),,
Halictidae,Sphecodes zangherii,DD,,DD,,,
Halictidae,Systropha curvicornis,LC,,LC,,,
Halictidae,Systropha grandimargo,LC,,LC,,Yes,Yes
Halictidae,Systropha planidens,LC,,LC,,,
Halictidae,Thrincohalictus prognathus,NA,,NA,,,
Megachilidae,Afranthidium carduele,LC,,LC,,,
Megachilidae,Afranthidium schulthessii,LC,,LC,,Yes,Yes
Megachilidae,Aglaoapis tridentata,LC,,LC,,,
Megachilidae,Anthidiellum breviusculum,LC,,LC,,Yes,Yes
Megachilidae,Anthidiellum strigatum,LC,,LC,,,
Megachilidae,Anthidiellum troodicum,LC,,LC,,,
Megachilidae,Anthidium caspicum,NA,,NA,,,
Megachilidae,Anthidium cingulatum,NT,B2b(ii),NT,B2b(ii),,
Megachilidae,Anthidium dalmaticum,LC,,LC,,,
Megachilidae,Anthidium diadema,LC,,LC,,,
Megachilidae,Anthidium florentinum,LC,,LC,,,
Megachilidae,Anthidium loti,LC,,LC,,,
Megachilidae,Anthidium manicatum,LC,,LC,,,
Megachilidae,Anthidium montanum,VU,"B2ab(i,ii,iii)",VU,"B2ab(i,ii,iii)",,
Megachilidae,Anthidium oblongatum,LC,,LC,,,
Megachilidae,Anthidium punctatum,LC,,LC,,,
Megachilidae,Anthidium rotundum,NA,,NA,,,
Megachilidae,Anthidium septemspinosum,NT,B2b(iii),NT,B2b(iii),,
Megachilidae,Anthidium spiniventre,LC,,LC,,,
Megachilidae,Anthidium taeniatum,LC,,LC,,,
Megachilidae,Anthidium undulatiforme,LC,,LC,,,
Megachilidae,Anthidium undulatum,NT,B2b(ii),NT,B2b(ii),,
Megachilidae,Anthidium wuestneii,NA,,NA,,,
Megachilidae,Chelostoma aegaeicum,LC,,LC,,,
Megachilidae,Chelostoma campanularum,LC,,LC,,,
Megachilidae,Chelostoma comosum,DD,,DD,,,
Megachilidae,Chelostoma diodon,LC,,LC,,,
Megachilidae,Chelostoma distinctum,LC,,LC,,,
Megachilidae,Chelostoma edentulum,LC,,LC,,,
Megachilidae,Chelostoma emarginatum,LC,,LC,,,
Megachilidae,Chelostoma florisomne,LC,,LC,,,
Megachilidae,Chelostoma forcipatum,NA,,NA,,,
Megachilidae,Chelostoma foveolatum,LC,,LC,,,
Megachilidae,Chelostoma grande,NT,B2b(iii),NT,B2b(iii),Yes,
Megachilidae,Chelostoma handlirschi,DD,,DD,,,
Megachilidae,Chelostoma hellenicum,LC,,LC,,Yes,Yes
Megachilidae,Chelostoma incognitum,LC,,LC,,,
Megachilidae,Chelostoma laticaudum,LC,,LC,,Yes,Yes
Megachilidae,Chelostoma longifacies,LC,,LC,,,
Megachilidae,Chelostoma lucens,LC,,LC,,,
Megachilidae,Chelostoma mocsaryi,LC,,LC,,,
Megachilidae,Chelostoma nasutum,LC,,LC,,,
Megachilidae,Chelostoma rapunculi,LC,,LC,,,
Megachilidae,Chelostoma stefanii,LC,,LC,,Yes,Yes
Megachilidae,Chelostoma styriacum,LC,,LC,,,
Megachilidae,Chelostoma transversum,LC,,LC,,Yes,Yes
Megachilidae,Chelostoma ventrale,LC,,LC,,,
Megachilidae,Coelioxys acanthopyga,NT,B2b(iii),NT,B2b(iii),,
Megachilidae,Coelioxys acanthurus,NT,B2b(iii),NT,B2b(iii),,
Megachilidae,Coelioxys afer,LC,,LC,,,
Megachilidae,Coelioxys alatus,LC,,LC,,,
Megachilidae,Coelioxys argenteus,LC,,LC,,,
Megachilidae,Coelioxys artemis,LC,,LC,,,
Megachilidae,Coelioxys aurolimbatus,LC,,LC,,,
Megachilidae,Coelioxys brevis,NT,B2b(iii),NT,B2b(iii),,
Megachilidae,Coelioxys caudatus,LC,,LC,,,
Megachilidae,Coelioxys conoideus,LC,,LC,,,
Megachilidae,Coelioxys coturnix,LC,,LC,,,
Megachilidae,Coelioxys decipiens,NA,,NA,,,
Megachilidae,Coelioxys echinatus,LC,,LC,,,
Megachilidae,Coelioxys elegantulus,NA,,NA,,,
Megachilidae,Coelioxys elongatulus,NA,,NA,,,
Megachilidae,Coelioxys elongatus,LC,,LC,,,
Megachilidae,Coelioxys elsei,DD,,DD,,,
Megachilidae,Coelioxys emarginatus,EN,B2ab(ii),EN,B2ab(ii),,
Megachilidae,Coelioxys haemorrhoa,NT,"B2b(ii,iii)",NT,"B2b(ii,iii)",,
Megachilidae,Coelioxys inermis,LC,,LC,,,
Megachilidae,Coelioxys lanceolatus,NT,B2b(iii),NT,B2b(iii),,
Megachilidae,Coelioxys mandibularis,LC,,LC,,,
Megachilidae,Coelioxys mielbergi,NA,,,,,
Megachilidae,Coelioxys obtusispina,DD,,DD,,,
Megachilidae,Coelioxys obtusus,NT,B2a,NT,B2a,,
Megachilidae,Coelioxys osmiae,NA,,NA,,,
Megachilidae,Coelioxys polycentris,EN,B2ab(ii),EN,B2ab(ii),,
Megachilidae,Coelioxys quadridentatus,LC,,LC,,,
Megachilidae,Coelioxys rufescens,LC,,LC,,,
Megachilidae,Dioxys ardens,NA,,NA,,,
Megachilidae,Dioxys atlanticus,NT,B2b(iii),NT,B2b(iii),Yes,Yes
Megachilidae,Dioxys cinctus,LC,,LC,,,
Megachilidae,Dioxys lanzarotensis,DD,,DD,,Yes,Yes
Megachilidae,Dioxys moestus,LC,,LC,,,
Megachilidae,Dioxys pumilus,LC,,LC,,,
Megachilidae,Ensliniana bidentata,LC,,LC,,,
Megachilidae,Eoanthidium clypeare,NT,"B2ab(i,ii)",NT,"B2b(i,ii)",,
Megachilidae,Eoanthidium insulare,LC,,LC,,,
Megachilidae,Eoanthidium nasiculum,NA,,NA,,,
Megachilidae,Eoanthidium pasteelsi,NA,,NA,,,
Megachilidae,Haetosmia circumventa,LC,,LC,,,
Megachilidae,Haetosmia vechti,NA,,NA,,,
Megachilidae,Heriades clavicornis,NA,,NA,,,
Megachilidae,Heriades crenulata,LC,,LC,,,
Megachilidae,Heriades labiata,NA,,NA,,,
Megachilidae,Heriades punctulifera,LC,,LC,,,
Megachilidae,Heriades rubicola,LC,,LC,,,
Megachilidae,Heriades truncorum,LC,,LC,,,
Megachilidae,Hofferia schmiedeknechti,LC,,LC,,,
Megachilidae,Hoplitis acuticornis,LC,,LC,,,
Megachilidae,Hoplitis adunca,LC,,LC,,,
Megachilidae,Hoplitis agis,NA,,NA,,,
Megachilidae,Hoplitis albatera,DD,,DD,,Yes,Yes
Megachilidae,Hoplitis albiscopa,LC,,LC,,,
Megachilidae,Hoplitis anipuncta,NA,,NA,,,
Megachilidae,Hoplitis annulata,LC,,LC,,,
Megachilidae,Hoplitis antalyae,LC,,LC,,,
Megachilidae,Hoplitis anthocopoides,LC,,LC,,,
Megachilidae,Hoplitis antigae,LC,,LC,,,
Megachilidae,Hoplitis batyamae,NA,,NA,,,
Megachilidae,Hoplitis benoisti,LC,,LC,,,
Megachilidae,Hoplitis bicallosa,EN,B1ab(iii)+2ab(iii),EN,B1ab(iii)+2ab(iii) ,,
Megachilidae,Hoplitis bihamata,LC,,LC,,Yes,Yes
Megachilidae,Hoplitis bispinosa,LC,,LC,,,
Megachilidae,Hoplitis bisulca,LC,,LC,,,
Megachilidae,Hoplitis brachypogon,LC,,LC,,,
Megachilidae,Hoplitis cadiza,LC,,LC,,,
Megachilidae,Hoplitis campanularis,LC,,LC,,,
Megachilidae,Hoplitis carinata,LC,,LC,,,
Megachilidae,Hoplitis caucasicola,DD,,DD,,,
Megachilidae,Hoplitis ciliaris,LC,,LC,,,
Megachilidae,Hoplitis claviventris,LC,,LC,,,
Megachilidae,Hoplitis corcyraea,LC,,LC,,Yes,
Megachilidae,Hoplitis cristatula,LC,,LC,,,
Megachilidae,Hoplitis curtula,LC,,LC,,,
Megachilidae,Hoplitis curvipes,LC,,LC,,,
Megachilidae,Hoplitis cypriaca,EN,B1ab(iii)+2ab(iii),EN,B1ab(iii)+2ab(iii),,
Megachilidae,Hoplitis dalmatica,LC,,LC,,,
Megachilidae,Hoplitis fabrei,LC,,LC,,Yes,
Megachilidae,Hoplitis fasciculata,LC,,LC,,,
Megachilidae,Hoplitis fertoni,LC,,LC,,,
Megachilidae,Hoplitis fulva,VU,"B2ab(ii,iii)",DD,,,
Megachilidae,Hoplitis furcula,NA,,NA,,,
Megachilidae,Hoplitis galbula,NA,,NA,,,
Megachilidae,Hoplitis galichicae,DD,,,,Yes,
Megachilidae,Hoplitis graeca,LC,,LC,,Yes,Yes
Megachilidae,Hoplitis grandiscapa,NA,,NA,,,
Megachilidae,Hoplitis grossepunctata,NA,,NA,,,
Megachilidae,Hoplitis grumi,NA,,NA,,,
Megachilidae,Hoplitis haemi,DD,,DD,,,
Megachilidae,Hoplitis hilbera,LC,,LC,,Yes,Yes
Megachilidae,Hoplitis holmboei,VU,D1,VU,D1,Yes,Yes
Megachilidae,Hoplitis idaensis,NA,,NA,,,
Megachilidae,Hoplitis illyrica,LC,,LC,,,
Megachilidae,Hoplitis insularis,NT,"B2b(ii,iii)",NT,"B2b(ii,iii)",,
Megachilidae,Hoplitis jakovlevi,LC,,LC,,,
Megachilidae,Hoplitis jheringii,LC,,LC,,,
Megachilidae,Hoplitis laboriosa,NA,,,,,
Megachilidae,Hoplitis laevifrons,LC,,LC,,,
Megachilidae,Hoplitis lepeletieri,LC,,LC,,Yes,
Megachilidae,Hoplitis leucomelana,LC,,LC,,,
Megachilidae,Hoplitis limassolica,LC,,LC,,,
Megachilidae,Hoplitis lithodorae,LC,,LC,,Yes,Yes
Megachilidae,Hoplitis loti,LC,,LC,,Yes,
Megachilidae,Hoplitis lysholmi,LC,,LC,,,
Megachilidae,Hoplitis manicata,LC,,LC,,,
Megachilidae,Hoplitis manuelae,DD,,DD,,Yes,Yes
Megachilidae,Hoplitis marchali,LC,,LC,,,
Megachilidae,Hoplitis maritima,NA,,,,,
Megachilidae,Hoplitis mazzuccoi,LC,,LC,,,
Megachilidae,Hoplitis mitis,LC,,LC,,,
Megachilidae,Hoplitis mocsaryi,LC,,LC,,,
Megachilidae,Hoplitis mollis,NA,,NA,,,
Megachilidae,Hoplitis monticola,LC,,LC,,,
Megachilidae,Hoplitis moricei,LC,,LC,,,
Megachilidae,Hoplitis mucida,NA,,NA,,,
Megachilidae,Hoplitis nicolaei,LC,,LC,,,
Megachilidae,Hoplitis nitidula,NA,,,,,
Megachilidae,Hoplitis obtusa,LC,,LC,,,
Megachilidae,Hoplitis occidentalis,LC,,LC,,,
Megachilidae,Hoplitis ochraceicornis,LC,,LC,,Yes,
Megachilidae,Hoplitis onychophora,NA,,NA,,,
Megachilidae,Hoplitis pallicornis,LC,,LC,,,
Megachilidae,Hoplitis papaveris,LC,,LC,,,
Megachilidae,Hoplitis parnesica,DD,,DD,,Yes,Yes
Megachilidae,Hoplitis peniculifera,DD,,DD,,,
Megachilidae,Hoplitis perambigua,LC,,LC,,Yes,Yes
Megachilidae,Hoplitis perezi,LC,,LC,,,
Megachilidae,Hoplitis pici,LC,,LC,,,
Megachilidae,Hoplitis pomarina,DD,,DD,,,
Megachilidae,Hoplitis praestans,LC,,LC,,,
Megachilidae,Hoplitis princeps,LC,,LC,,,
Megachilidae,Hoplitis pulchella,NA,,NA,,,
Megachilidae,Hoplitis quinquespinosa,NA,,NA,,,
Megachilidae,Hoplitis ravouxi,LC,,LC,,Yes,
Megachilidae,Hoplitis robusta,LC,,LC,,,
Megachilidae,Hoplitis saundersi,LC,,LC,,,
Megachilidae,Hoplitis saxialis,VU,B2ab(iii),EN,B2ab(iii),,
Megachilidae,Hoplitis serainae,NA,,NA,,,
Megachilidae,Hoplitis stecki,LC,,LC,,Yes,
Megachilidae,Hoplitis stellaris,NA,,NA,,,
Megachilidae,Hoplitis strymonia,NA,,NA,,,
Megachilidae,Hoplitis subbutea,LC,,LC,,,
Megachilidae,Hoplitis submanicata,LC,,LC,,Yes,Yes
Megachilidae,Hoplitis taurica,DD,,,,Yes,
Megachilidae,Hoplitis tenuispina,LC,,LC,,Yes,Yes
Megachilidae,Hoplitis teucrii,NA,,NA,,,
Megachilidae,Hoplitis tigrina,LC,,LC,,,
Megachilidae,Hoplitis tkalcuella,LC,,LC,,Yes,Yes
Megachilidae,Hoplitis tridentata,LC,,LC,,,
Megachilidae,Hoplitis tuberculata,LC,,LC,,,
Megachilidae,Hoplitis turcestanica,NA,,NA,,,
Megachilidae,Hoplitis villosa,LC,,LC,,Yes,
Megachilidae,Hoplitis yermasoyiae,LC,,LC,,,
Megachilidae,Hoplitis zaianorum,LC,,LC,,,
Megachilidae,Hoplitis zandeni,LC,,LC,,Yes,Yes
Megachilidae,Icteranthidium cimbiciforme,CR,"B2ab(i,ii,iii)",CR,"B2ab(i,ii,iii)",,
Megachilidae,Icteranthidium ferrugineum,LC,,LC,,,
Megachilidae,Icteranthidium floripetum,NA,,,,,
Megachilidae,Icteranthidium grohmanni,LC,,LC,,,
Megachilidae,Icteranthidium laterale,NT,B2b(iii),NT,B2b(iiii),,
Megachilidae,Lithurgus chrysurus,LC,,LC,,,
Megachilidae,Lithurgus cornutus,LC,,LC,,,
Megachilidae,Lithurgus tibialis,LC,,LC,,,
Megachilidae,Megachile albisecta,LC,,LC,,,
Megachilidae,Megachile albocristata,LC,,LC,,,
Megachilidae,Megachile albohirta,DD,,DD,,,
Megachilidae,Megachile albonotata,LC,,LC,,,
Megachilidae,Megachile alpicola,LC,,LC,,,
Megachilidae,Megachile analis,LC,,LC,,,
Megachilidae,Megachile anatolica,LC,,LC,,,
Megachilidae,Megachile apennina,LC,,LC,,Yes,Yes
Megachilidae,Megachile apicalis,LC,,LC,,,
Megachilidae,Megachile argentata,LC,,LC,,,
Megachilidae,Megachile baetica,LC,,LC,,Yes,Yes
Megachilidae,Megachile binominata,LC,,LC,,Yes,Yes
Megachilidae,Megachile bombycina,NT,"B2b(i,ii)",EN,"B2ab(i,ii)",,
Megachilidae,Megachile burdigalensis,DD,,DD,,,
Megachilidae,Megachile canariensis,LC,,LC,,Yes,Yes
Megachilidae,Megachile canescens,LC,,lC,,Yes,Yes
Megachilidae,Megachile centuncularis,LC,,LC,,,
Megachilidae,Megachile circumcincta,LC,,LC,,,
Megachilidae,Megachile cressa,DD,,DD,,Yes,Yes
Megachilidae,Megachile cypricola,VU,B1ab(iii)+2ab(iii),VU,B1ab(iii)+2ab(iii),Yes,Yes
Megachilidae,Megachile deceptoria,DD,,DD,,,
Megachilidae,Megachile diabolica,EN,B2ab(iii),EN,B2ab(iii),,
Megachilidae,Megachile disjunctiformis,NA,,NA,,,
Megachilidae,Megachile doriae,NA,,NA,,,
Megachilidae,Megachile ericetorum,LC,,LC,,,
Megachilidae,Megachile farinosa,LC,,LC,,,
Megachilidae,Megachile fertoni,LC,,LC,,,
Megachilidae,Megachile flabellipes,LC,,LC,,,
Megachilidae,Megachile flavipes,NA,,NA,,,
Megachilidae,Megachile foersteri,NA,,NA,,,
Megachilidae,Megachile fuerteventurae,LC,,LC,,Yes,Yes
Megachilidae,Megachile fulvimana,NA,,NA,,,
Megachilidae,Megachile genalis,LC,,LC,,,
Megachilidae,Megachile giraudi,LC,,LC,,,
Megachilidae,Megachile hohmanni,EN,"B1ab(i,ii)+2ab(i,ii)",EN,"B1ab(i,ii)+2ab(i,ii)",Yes,Yes
Megachilidae,Megachile hungarica,LC,,LC,,,
Megachilidae,Megachile inexspectata,NA,,NA,,,
Megachilidae,Megachile lagopoda,LC,,LC,,,
Megachilidae,Megachile lapponica,LC,,LC,,,
Megachilidae,Megachile leachella,LC,,LC,,,
Megachilidae,Megachile lefebvrei,NT,B2b(iii),NT,B2b(iii),,
Megachilidae,Megachile leucomalla,VU,B2ab(ii),EN,B2ab(ii),,
Megachilidae,Megachile ligniseca,LC,,LC,,,
Megachilidae,Megachile lucidifrons,DD,,DD,,Yes,Yes
Megachilidae,Megachile manicata,DD,,DD,,,
Megachilidae,Megachile marginata,LC,,LC,,,
Megachilidae,Megachile maritima,LC,,LC,,,
Megachilidae,Megachile melanogaster,LC,,LC,,,
Megachilidae,Megachile melanopyga,LC,,LC,,,
Megachilidae,Megachile minutissima,NA,,NA,,,
Megachilidae,Megachile montenegrensis,LC,,LC,,,
Megachilidae,Megachile nigriventris,LC,,LC,,,
Megachilidae,Megachile octosignata,LC,,LC,,,
Megachilidae,Megachile opacifrons,LC,,LC,,,
Megachilidae,Megachile otomita,NA,,NA,,,
Megachilidae,Megachile parietina,LC,,LC,,,
Megachilidae,Megachile patellimana,NA,,NA,,,
Megachilidae,Megachile pilicrus,LC,,LC,,,
Megachilidae,Megachile posti,DD,,DD,,Yes,Yes
Megachilidae,Megachile pusilla,LC,,LC,,,
Megachilidae,Megachile pyrenaea,NT,A2c,NT,A2c,,
Megachilidae,Megachile pyrenaica,LC,,LC,,,
Megachilidae,Megachile roeweri,LC,,LC,,,
Megachilidae,Megachile rotundata,LC,,LC,,,
Megachilidae,Megachile rufescens,LC,,LC,,Yes,Yes
Megachilidae,Megachile rufitarsis,NA,,NA,,,
Megachilidae,Megachile saussurei,NA,,,,,
Megachilidae,Megachile sculpturalis,NA,,NA,,,
Megachilidae,Megachile semicircularis,LC,,LC,,,
Megachilidae,Megachile sicula,LC,,LC,,,
Megachilidae,Megachile syriaca,NA,,NA,,,
Megachilidae,Megachile tecta,NA,,,,,
Megachilidae,Megachile tenuistriga,LC,,LC,,,
Megachilidae,Megachile thevestensis,DD,,DD,,,
Megachilidae,Megachile troodica,DD,,DD,,Yes,Yes
Megachilidae,Megachile versicolor,LC,,LC,,,
Megachilidae,Megachile walkeri,NA,,NA,,,
Megachilidae,Megachile willughbiella,LC,,LC,,,
Megachilidae,Metadioxys graecus,DD,,DD,,,
Megachilidae,Osmia aeruginosa,NA,,NA,,,
Megachilidae,Osmia alfkenii,NA,,NA,,,
Megachilidae,Osmia alticola,NT,B2b(iii),NT,B2b(iii),Yes,
Megachilidae,Osmia amathusica,LC,,LC,,,
Megachilidae,Osmia anceyi,LC,,LC,,,
Megachilidae,Osmia andrenoides,LC,,LC,,,
Megachilidae,Osmia apicata,LC,,LC,,,
Megachilidae,Osmia argyropyga,LC,,LC,,,
Megachilidae,Osmia ariadne,DD,,DD,,Yes,Yes
Megachilidae,Osmia aurulenta,LC,,LC,,,
Megachilidae,Osmia balearica,LC,,LC,,Yes,Yes
Megachilidae,Osmia bicolor,LC,,LC,,,
Megachilidae,Osmia bicornis,LC,,LC,,,
Megachilidae,Osmia bidentata,LC,,LC,,,
Megachilidae,Osmia bischoffi,LC,,LC,,,
Megachilidae,Osmia breviata,DD,,DD,,,
Megachilidae,Osmia brevicornis,LC,,LC,,,
Megachilidae,Osmia caerulescens,LC,,LC,,,
Megachilidae,Osmia cephalotes,LC,,LC,,,
Megachilidae,Osmia cerinthidis,LC,,LC,,,
Megachilidae,Osmia cinnabarina,LC,,LC,,,
Megachilidae,Osmia clypearis,LC,,LC,,,
Megachilidae,Osmia corniculata,DD,,DD,,,
Megachilidae,Osmia cornuta,LC,,LC,,,
Megachilidae,Osmia croatica,LC,,LC,,,
Megachilidae,Osmia cyanescens,NA,,,,,
Megachilidae,Osmia cyanoxantha,LC,,LC,,,
Megachilidae,Osmia dilaticornis,NA,,NA,,,
Megachilidae,Osmia dimidiata,LC,,LC,,,
Megachilidae,Osmia disjuncta,LC,,DD,,,
Megachilidae,Osmia distinguenda,NA,,NA,,,
Megachilidae,Osmia dives,LC,,LC,,,
Megachilidae,Osmia dlabolae,NA,,,,,
Megachilidae,Osmia dusmeti,DD,,DD,,Yes,Yes
Megachilidae,Osmia elegans,LC,,LC,,,
Megachilidae,Osmia emarginata,LC,,LC,,,
Megachilidae,Osmia erythrogastra,LC,,LC,,,
Megachilidae,Osmia fallax,LC,,LC,,,
Megachilidae,Osmia ferruginea,LC,,LC,,,
Megachilidae,Osmia forticornis,NA,,NA,,,
Megachilidae,Osmia frieseana,NA,,NA,,,
Megachilidae,Osmia gallarum,LC,,LC,,,
Megachilidae,Osmia hellados,LC,,LC,,,
Megachilidae,Osmia heteracantha,LC,,LC,,,
Megachilidae,Osmia iberica,NT,B2b(iii),NT,B2b(iii),Yes,Yes
Megachilidae,Osmia inermis,LC,,LC,,,
Megachilidae,Osmia jason,LC,,LC,,,
Megachilidae,Osmia kohlii,LC,,LC,,,
Megachilidae,Osmia labialis,LC,,LC,,,
Megachilidae,Osmia larochei,NT,B1b(iii)+2b(iii),NT,B1b(iii)+2b(iii),Yes,Yes
Megachilidae,Osmia laticauda,LC,,LC,,,
Megachilidae,Osmia laticeps,LC,,LC,,,
Megachilidae,Osmia latreillei,LC,,LC,,,
Megachilidae,Osmia leaiana,LC,,LC,,,
Megachilidae,Osmia leucopyga,LC,,LC,,,
Megachilidae,Osmia ligurica,LC,,LC,,,
Megachilidae,Osmia lunata,LC,,LC,,,
Megachilidae,Osmia madeirensis,LC,,LC,,Yes,Yes
Megachilidae,Osmia maritima,EN,"B2ab(ii,iii)",EN,"B2ab(ii,iii)",,
Megachilidae,Osmia melanogaster,LC,,LC,,,
Megachilidae,Osmia melanura,NT,"B2b(i,ii)",NT,"B2b(i,ii)",,
Megachilidae,Osmia mirhiji,NA,,NA,,,
Megachilidae,Osmia moreensis,LC,,LC,,,
Megachilidae,Osmia mustelina,LC,,LC,,,
Megachilidae,Osmia nana,LC,,LC,,,
Megachilidae,Osmia nasoproducta,LC,,LC,,,
Megachilidae,Osmia nasuta,LC,,LC,,,
Megachilidae,Osmia nigriventris,LC,,LC,,,
Megachilidae,Osmia nigrohirta,LC,,LC,,,
Megachilidae,Osmia niveata,LC,,LC,,,
Megachilidae,Osmia niveocincta,LC,,LC,,,
Megachilidae,Osmia notata,LC,,LC,,,
Megachilidae,Osmia nuda,NA,,NA,,,
Megachilidae,Osmia olgae,NA,,NA,,,
Megachilidae,Osmia padri,LC,,LC,,,
Megachilidae,Osmia palmae,DD,,DD,,Yes,Yes
Megachilidae,Osmia parietina,LC,,LC,,,
Megachilidae,Osmia picena,LC,,LC,,Yes,Yes
Megachilidae,Osmia pilicornis,LC,,LC,,,
Megachilidae,Osmia pinguis,NA,,NA,,,
Megachilidae,Osmia rhodoensis,LC,,LC,,,
Megachilidae,Osmia rufohirta,LC,,LC,,,
Megachilidae,Osmia rutila,NT,B2b(iii),NT,B2b(iii),,
Megachilidae,Osmia saxicola,LC,,LC,,,
Megachilidae,Osmia scutellaris,LC,,LC,,,
Megachilidae,Osmia signata,LC,,LC,,,
Megachilidae,Osmia spinigera,LC,,LC,,,
Megachilidae,Osmia spinulosa,LC,,LC,,,
Megachilidae,Osmia steinmanni,NT,B2b(iii),NT,B2b(iii),Yes,
Megachilidae,Osmia subcornuta,LC,,LC,,,
Megachilidae,Osmia submicans,LC,,LC,,,
Megachilidae,Osmia svenssoni,NT,B2b(iii),NT,B2b(iii),Yes,Yes
Megachilidae,Osmia sybarita,LC,,LC,,,
Megachilidae,Osmia tergestensis,LC,,LC,,,
Megachilidae,Osmia teunisseni,LC,,LC,,,
Megachilidae,Osmia tricornis,LC,,LC,,,
Megachilidae,Osmia tunensis,NA,,NA,,,
Megachilidae,Osmia uncicornis,LC,,LC,,,
Megachilidae,Osmia uncinata,LC,,LC,,,
Megachilidae,Osmia versicolor,LC,,LC,,,
Megachilidae,Osmia viridana,LC,,LC,,,
Megachilidae,Osmia xanthomelana,LC,,LC,,,
Megachilidae,Paradioxys pannonicus,VU,"B2ab(ii,iii)",VU,"B2ab(ii,iii)",,
Megachilidae,Protosmia asensioi,LC,,LC,,Yes,Yes
Megachilidae,Protosmia capitata,LC,,LC,,,
Megachilidae,Protosmia exenterata,LC,,LC,,,
Megachilidae,Protosmia glutinosa,LC,,LC,,,
Megachilidae,Protosmia longiceps,LC,,LC,,,
Megachilidae,Protosmia lusitanica,DD,,DD,,Yes,Yes
Megachilidae,Protosmia minutula,LC,,LC,,Yes,
Megachilidae,Protosmia monstrosa,LC,,LC,,,
Megachilidae,Protosmia montana,NA,,NA,,,
Megachilidae,Protosmia paradoxa,LC,,LC,,,
Megachilidae,Protosmia sideritis,LC,,LC,,,
Megachilidae,Protosmia stigmatica,NA,,NA,,,
Megachilidae,Protosmia tauricola,NA,,NA,,,
Megachilidae,Protosmia tiflensis,LC,,LC,,,
Megachilidae,Pseudoanthidium alpinum,DD,,DD,,,
Megachilidae,Pseudoanthidium canariense,LC,,LC,,Yes,Yes
Megachilidae,Pseudoanthidium cribratum,NA,,NA,,,
Megachilidae,Pseudoanthidium eximium,LC,,LC,,,
Megachilidae,Pseudoanthidium kaspareki,DD,,DD,,,
Megachilidae,Pseudoanthidium melanurum,LC,,LC,,,
Megachilidae,Pseudoanthidium nanum,LC,,LC,,,
Megachilidae,Pseudoanthidium reticulatum,LC,,LC,,,
Megachilidae,Pseudoanthidium scapulare,LC,,LC,,,
Megachilidae,Pseudoanthidium stigmaticorne,LC,,LC,,,
Megachilidae,Pseudoanthidium tenellum,NT,B2b(iii),NT,B2b(iii),,
Megachilidae,Rhodanthidium acuminatum,DD,,DD,,,
Megachilidae,Rhodanthidium caturigense,LC,,LC,,,
Megachilidae,Rhodanthidium infuscatum,LC,,LC,,,
Megachilidae,Rhodanthidium rufocinctum,LC,,LC,,Yes,Yes
Megachilidae,Rhodanthidium septemdentatum,LC,,LC,,,
Megachilidae,Rhodanthidium siculum,LC,,LC,,,
Megachilidae,Rhodanthidium sticticum,LC,,LC,,,
Megachilidae,Stelis aculeata,NA,,,,,
Megachilidae,Stelis aegyptiaca,NA,,NA,,,
Megachilidae,Stelis annulata,VU,"B2ab(i,ii,iii)",VU,"B2ab(i,ii,iii)",,
Megachilidae,Stelis breviuscula,LC,,LC,,,
Megachilidae,Stelis denticulata,NA,,NA,,,
Megachilidae,Stelis franconica,LC,,LC,,Yes,
Megachilidae,Stelis gigantea,NA,,NA,,,
Megachilidae,Stelis hispanica,EN,B2ab(iii),EN,B2ab(iii),Yes,Yes
Megachilidae,Stelis hungarica,DD,,DD,,Yes,Yes
Megachilidae,Stelis iugae,DD,,DD,,,
Megachilidae,Stelis minima,LC,,LC,,,
Megachilidae,Stelis minuta,LC,,LC,,,
Megachilidae,Stelis murina,DD,,DD,,,
Megachilidae,Stelis nasuta,NT,"B2b(i,ii)",NT,"B2b(i,ii)",,
Megachilidae,Stelis odontopyga,LC,,LC,,,
Megachilidae,Stelis orientalis,DD,,DD,,,
Megachilidae,Stelis ornatula,LC,,LC,,,
Megachilidae,Stelis ortizi,LC,,LC,,Yes,Yes
Megachilidae,Stelis pentelica,DD,,DD,,,
Megachilidae,Stelis phaeoptera,LC,,LC,,,
Megachilidae,Stelis punctulatissima,LC,,LC,,,
Megachilidae,Stelis rhodia,DD,,DD,,,
Megachilidae,Stelis ruficornis,DD,,DD,,,
Megachilidae,Stelis scutellaris,DD,,DD,,,
Megachilidae,Stelis signata,LC,,LC,,,
Megachilidae,Stelis simillima,LC,,LC,,,
Megachilidae,Stenoheriades asiatica,NA,,NA,,,
Megachilidae,Stenoheriades coelostoma,LC,,LC,,,
Megachilidae,Stenoheriades maroccana,LC,,LC,,,
Megachilidae,Trachusa balcanica,LC,,LC,,Yes,
Megachilidae,Trachusa byssina,LC,,LC,,,
Megachilidae,Trachusa dumerlei,LC,,LC,,,
Megachilidae,Trachusa integra,EN,B2ab(iii),EN,B2ab(iii),,
Megachilidae,Trachusa interrupta,VU,"B2ab(iii,v)",VU,"B2ab(iii,v)",,
Megachilidae,Trachusa laeviventris,LC,,LC,,,
Megachilidae,Trachusa laticeps,LC,,LC,,,
Megachilidae,Trachusa pubescens,NT,B2a,NT,B2a,,
Megachilidae,Trachusa varia,DD,,DD,,Yes,
Melittidae,Dasypoda albimana,DD,,DD,,,
Melittidae,Dasypoda argentata,VU,"B2ab(iii,v)",VU,"B2ab(iii,v)",,
Melittidae,Dasypoda braccata,EN,B2ab(iii),EN,B2ab(iii),,
Melittidae,Dasypoda cingulata,LC,,LC,,,
Melittidae,Dasypoda crassicornis,LC,,LC,,,
Melittidae,Dasypoda dusmeti,LC,,LC,,,
Melittidae,Dasypoda frieseana,EN,B2ab(iii),EN,B2ab(iii),,
Melittidae,Dasypoda hirtipes,LC,,LC,,,
Melittidae,Dasypoda iberica,LC,,LC,,Yes,Yes
Melittidae,Dasypoda michezi,DD,,DD,,Yes,Yes
Melittidae,Dasypoda morawitzi,LC,,LC,,,
Melittidae,Dasypoda morotei,LC,,LC,,Yes,Yes
Melittidae,Dasypoda panzeri,LC,,LC,,,
Melittidae,Dasypoda pyriformis,LC,,LC,,,
Melittidae,Dasypoda pyrotrichia,LC,,LC,,,
Melittidae,Dasypoda spinigera,EN,B2ab(iii),EN,B2ab(iii),,
Melittidae,Dasypoda suripes,EN,B2ab(iii),EN,B2ab(iii),,
Melittidae,Dasypoda toroki,NA,,,,,
Melittidae,Dasypoda visnaga,LC,,LC,,,
Melittidae,Macropis europaea,LC,,LC,,,
Melittidae,Macropis frivaldszkyi,NT,"B2b(iii,v)",NT,"B2b(iii,v)",,
Melittidae,Macropis fulvipes,LC,,LC,,,
Melittidae,Melitta aegyptiaca,NT,"B2b(ii,iii)",NT,"B2b(ii,iii)",,
Melittidae,Melitta budashkini,DD,,,,Yes,
Melittidae,Melitta budensis,LC,,DD,,,
Melittidae,Melitta dimidiata,NT,"B2b(iii,v)",NT,"B2b(iii,v)",,
Melittidae,Melitta haemorrhoidalis,LC,,LC,,,
Melittidae,Melitta hispanica,NT,B1b(iii)+2b(iii),NT,B1b(iii)+2b(iii),Yes,Yes
Melittidae,Melitta iberica,VU,B2ab(iii),VU,B2ab(iii),Yes,Yes
Melittidae,Melitta kastiliensis,EN,B2ab(iii),EN,B2ab(iii),Yes,Yes
Melittidae,Melitta leporina,LC,,LC,,,
Melittidae,Melitta maura,DD,,DD,,,
Melittidae,Melitta melanura,EN,B2ab(iii),EN,B2ab(iii),,
Melittidae,Melitta murciana,LC,,LC,,Yes,Yes
Melittidae,Melitta nigricans,LC,,LC,,,
Melittidae,Melitta schmiedeknechti,DD,,DD,,,
Melittidae,Melitta seitzi,DD,,DD,,Yes,Yes
Melittidae,Melitta sibirica,NA,,,,,
Melittidae,Melitta tomentosa,DD,,DD,,Yes,Yes
Melittidae,Melitta tricincta,NT,B2b(iii),NT,B2b(iii),,
Melittidae,Melitta udmurtica,DD,,DD,,Yes,
